season_end_year,team,player_name,college
2023,Atlanta Hawks,Saddiq Bey,Villanova
2023,Atlanta Hawks,Bogdan Bogdanović,
2023,Atlanta Hawks,Clint Capela,
2023,Atlanta Hawks,John Collins,Wake Forest
2023,Atlanta Hawks,Jarrett Culver,Texas Tech
2023,Atlanta Hawks,Bruno Fernando,Maryland
2023,Atlanta Hawks,Trent Forrest,Florida State
2023,Atlanta Hawks,AJ Griffin,Duke
2023,Atlanta Hawks,Aaron Holiday,UCLA
2023,Atlanta Hawks,Justin Holiday,Washington
2023,Atlanta Hawks,De'Andre Hunter,Virginia
2023,Atlanta Hawks,Jalen Johnson,Duke
2023,Atlanta Hawks,Frank Kaminsky,Wisconsin
2023,Atlanta Hawks,Vít Krejčí,
2023,Atlanta Hawks,Tyrese Martin,"Rhode Island, UConn"
2023,Atlanta Hawks,Garrison Mathews,Lipscomb
2023,Atlanta Hawks,Dejounte Murray,Washington
2023,Atlanta Hawks,Onyeka Okongwu,USC
2023,Atlanta Hawks,Donovan Williams,"Texas, UNLV"
2023,Atlanta Hawks,Trae Young,Oklahoma
2023,Boston Celtics,Malcolm Brogdon,Virginia
2023,Boston Celtics,Jaylen Brown,California
2023,Boston Celtics,Justin Champagnie,Pitt
2023,Boston Celtics,JD Davison,Alabama
2023,Boston Celtics,Blake Griffin,Oklahoma
2023,Boston Celtics,Sam Hauser,"Marquette, Virginia"
2023,Boston Celtics,Al Horford,Florida
2023,Boston Celtics,Justin Jackson,UNC
2023,Boston Celtics,Mfiondu Kabengele,Florida State
2023,Boston Celtics,Luke Kornet,Vanderbilt
2023,Boston Celtics,Mike Muscala,Bucknell
2023,Boston Celtics,Payton Pritchard,Oregon
2023,Boston Celtics,Marcus Smart,Oklahoma State
2023,Boston Celtics,Jayson Tatum,Duke
2023,Boston Celtics,Noah Vonleh,Indiana
2023,Boston Celtics,Derrick White,"Colorado-Colorado Springs, Colorado"
2023,Boston Celtics,Grant Williams,Tennessee
2023,Boston Celtics,Robert Williams,Texas A&M
2023,Brooklyn Nets,Mikal Bridges,Villanova
2023,Brooklyn Nets,Moses Brown,UCLA
2023,Brooklyn Nets,Nic Claxton,Georgia
2023,Brooklyn Nets,Seth Curry,"Liberty, Duke"
2023,Brooklyn Nets,Spencer Dinwiddie,Colorado
2023,Brooklyn Nets,David Duke Jr.,Providence
2023,Brooklyn Nets,Kevin Durant,Texas
2023,Brooklyn Nets,Kessler Edwards,Pepperdine
2023,Brooklyn Nets,Dorian Finney-Smith,Florida
2023,Brooklyn Nets,RaiQuan Gray,Florida State
2023,Brooklyn Nets,Joe Harris,Virginia
2023,Brooklyn Nets,Kyrie Irving,Duke
2023,Brooklyn Nets,Cameron Johnson,"Pitt, UNC"
2023,Brooklyn Nets,Patty Mills,Saint Mary's
2023,Brooklyn Nets,Markieff Morris,Kansas
2023,Brooklyn Nets,Nerlens Noel,Kentucky
2023,Brooklyn Nets,Royce O'Neale,"Denver, Baylor"
2023,Brooklyn Nets,Day'Ron Sharpe,UNC
2023,Brooklyn Nets,Ben Simmons,LSU
2023,Brooklyn Nets,Dru Smith,"University of Evansville, Missouri"
2023,Brooklyn Nets,Edmond Sumner,Xavier
2023,Brooklyn Nets,Cam Thomas,LSU
2023,Brooklyn Nets,T.J. Warren,NC State
2023,Brooklyn Nets,Yuta Watanabe,George Washington
2023,Brooklyn Nets,Alondes Williams,"Triton College, Oklahoma, Wake Forest"
2023,Chicago Bulls,Patrick Beverley,Arkansas
2023,Chicago Bulls,Tony Bradley,UNC
2023,Chicago Bulls,Alex Caruso,Texas A&M
2023,Chicago Bulls,DeMar DeRozan,USC
2023,Chicago Bulls,Ayo Dosunmu,Illinois
2023,Chicago Bulls,Goran Dragić,
2023,Chicago Bulls,Andre Drummond,UConn
2023,Chicago Bulls,Javonte Green,Radford
2023,Chicago Bulls,Malcolm Hill,Illinois
2023,Chicago Bulls,Carlik Jones,"Radford, Louisville"
2023,Chicago Bulls,Derrick Jones Jr.,UNLV
2023,Chicago Bulls,Zach LaVine,UCLA
2023,Chicago Bulls,Marko Simonovic,
2023,Chicago Bulls,Terry Taylor,Austin Peay State University
2023,Chicago Bulls,Dalen Terry,Arizona
2023,Chicago Bulls,Nikola Vučević,USC
2023,Chicago Bulls,Coby White,UNC
2023,Chicago Bulls,Patrick Williams,Florida State
2023,Cleveland Cavaliers,Jarrett Allen,Texas
2023,Cleveland Cavaliers,Mamadi Diakite,Virginia
2023,Cleveland Cavaliers,Darius Garland,Vanderbilt
2023,Cleveland Cavaliers,Danny Green,UNC
2023,Cleveland Cavaliers,Caris LeVert,Michigan
2023,Cleveland Cavaliers,Robin Lopez,Stanford
2023,Cleveland Cavaliers,Kevin Love,UCLA
2023,Cleveland Cavaliers,Sam Merrill,Utah State University
2023,Cleveland Cavaliers,Donovan Mitchell,Louisville
2023,Cleveland Cavaliers,Evan Mobley,USC
2023,Cleveland Cavaliers,Isaiah Mobley,USC
2023,Cleveland Cavaliers,Raul Neto,
2023,Cleveland Cavaliers,Isaac Okoro,Auburn
2023,Cleveland Cavaliers,Cedi Osman,
2023,Cleveland Cavaliers,Ricky Rubio,
2023,Cleveland Cavaliers,Lamar Stevens,Penn State
2023,Cleveland Cavaliers,Dean Wade,Kansas State
2023,Cleveland Cavaliers,Dylan Windler,Belmont
2023,Dallas Mavericks,Dāvis Bertāns,
2023,Dallas Mavericks,Reggie Bullock,UNC
2023,Dallas Mavericks,Facundo Campazzo,
2023,Dallas Mavericks,Spencer Dinwiddie,Colorado
2023,Dallas Mavericks,Luka Dončić,
2023,Dallas Mavericks,Tyler Dorsey,Oregon
2023,Dallas Mavericks,Dorian Finney-Smith,Florida
2023,Dallas Mavericks,Josh Green,Arizona
2023,Dallas Mavericks,Tim Hardaway Jr.,Michigan
2023,Dallas Mavericks,Jaden Hardy,
2023,Dallas Mavericks,Justin Holiday,Washington
2023,Dallas Mavericks,Kyrie Irving,Duke
2023,Dallas Mavericks,Maxi Kleber,
2023,Dallas Mavericks,A.J. Lawson,South Carolina
2023,Dallas Mavericks,JaVale McGee,Nevada
2023,Dallas Mavericks,Markieff Morris,Kansas
2023,Dallas Mavericks,Frank Ntilikina,
2023,Dallas Mavericks,Theo Pinson,UNC
2023,Dallas Mavericks,Dwight Powell,Stanford
2023,Dallas Mavericks,Chris Silva,South Carolina
2023,Dallas Mavericks,Kemba Walker,UConn
2023,Dallas Mavericks,Christian Wood,UNLV
2023,Dallas Mavericks,McKinley Wright IV,Colorado
2023,Denver Nuggets,Christian Braun,Kansas
2023,Denver Nuggets,Bruce Brown,Miami (FL)
2023,Denver Nuggets,Thomas Bryant,Indiana
2023,Denver Nuggets,Kentavious Caldwell-Pope,Georgia
2023,Denver Nuggets,Vlatko Čančar,
2023,Denver Nuggets,Aaron Gordon,Arizona
2023,Denver Nuggets,Jeff Green,Georgetown
2023,Denver Nuggets,Bones Hyland,VCU
2023,Denver Nuggets,Reggie Jackson,Boston College
2023,Denver Nuggets,Nikola Jokić,
2023,Denver Nuggets,DeAndre Jordan,Texas A&M
2023,Denver Nuggets,Jamal Murray,Kentucky
2023,Denver Nuggets,Zeke Nnaji,Arizona
2023,Denver Nuggets,Michael Porter Jr.,Missouri
2023,Denver Nuggets,Davon Reed,Miami (FL)
2023,Denver Nuggets,Ish Smith,Wake Forest
2023,Denver Nuggets,Peyton Watson,UCLA
2023,Denver Nuggets,Jack White,Duke
2023,Detroit Pistons,Marvin Bagley III,Duke
2023,Detroit Pistons,Saddiq Bey,Villanova
2023,Detroit Pistons,Buddy Boeheim,Syracuse
2023,Detroit Pistons,Bojan Bogdanović,
2023,Detroit Pistons,Alec Burks,Colorado
2023,Detroit Pistons,Cade Cunningham,Oklahoma State
2023,Detroit Pistons,Hamidou Diallo,Kentucky
2023,Detroit Pistons,Jalen Duren,Memphis
2023,Detroit Pistons,R.J. Hampton,
2023,Detroit Pistons,Killian Hayes,
2023,Detroit Pistons,Jaden Ivey,Purdue
2023,Detroit Pistons,Cory Joseph,Texas
2023,Detroit Pistons,Braxton Key,"Alabama, Virginia"
2023,Detroit Pistons,Kevin Knox,Kentucky
2023,Detroit Pistons,Isaiah Livers,Michigan
2023,Detroit Pistons,Rodney McGruder,Kansas State
2023,Detroit Pistons,Nerlens Noel,Kentucky
2023,Detroit Pistons,Eugene Omoruyi,"Rutgers University, Oregon"
2023,Detroit Pistons,Jared Rhoden,Seton Hall
2023,Detroit Pistons,Isaiah Stewart,Washington
2023,Detroit Pistons,Stanley Umude,"South Dakota, Arkansas"
2023,Detroit Pistons,James Wiseman,Memphis
2023,Golden State Warriors,Patrick Baldwin Jr.,UW-Milwaukee
2023,Golden State Warriors,Stephen Curry,Davidson
2023,Golden State Warriors,Donte DiVincenzo,Villanova
2023,Golden State Warriors,Draymond Green,Michigan State
2023,Golden State Warriors,JaMychal Green,Alabama
2023,Golden State Warriors,Andre Iguodala,Arizona
2023,Golden State Warriors,Ty Jerome,Virginia
2023,Golden State Warriors,Jonathan Kuminga,
2023,Golden State Warriors,Anthony Lamb,University of Vermont
2023,Golden State Warriors,Kevon Looney,UCLA
2023,Golden State Warriors,Moses Moody,Arkansas
2023,Golden State Warriors,Gary Payton II,Oregon State
2023,Golden State Warriors,Jordan Poole,Michigan
2023,Golden State Warriors,Lester Quiñones,Memphis
2023,Golden State Warriors,Ryan Rollins,Toledo
2023,Golden State Warriors,Klay Thompson,Washington State
2023,Golden State Warriors,Andrew Wiggins,Kansas
2023,Golden State Warriors,James Wiseman,Memphis
2023,Houston Rockets,Josh Christopher,Arizona State
2023,Houston Rockets,Darius Days,LSU
2023,Houston Rockets,Tari Eason,"Cincinnati, LSU"
2023,Houston Rockets,Bruno Fernando,Maryland
2023,Houston Rockets,Usman Garuba,
2023,Houston Rockets,Eric Gordon,Indiana
2023,Houston Rockets,Jalen Green,
2023,Houston Rockets,Trevor Hudgins,Northwest Missouri State University
2023,Houston Rockets,Frank Kaminsky,Wisconsin
2023,Houston Rockets,Boban Marjanović,
2023,Houston Rockets,KJ Martin,
2023,Houston Rockets,Garrison Mathews,Lipscomb
2023,Houston Rockets,Daishen Nix,
2023,Houston Rockets,Kevin Porter Jr.,USC
2023,Houston Rockets,Alperen Şengün,
2023,Houston Rockets,Jabari Smith Jr.,Auburn
2023,Houston Rockets,Jae'Sean Tate,Ohio State
2023,Houston Rockets,TyTy Washington Jr.,Kentucky
2023,Indiana Pacers,Goga Bitadze,
2023,Indiana Pacers,Oshae Brissett,Syracuse
2023,Indiana Pacers,Kendall Brown,Baylor
2023,Indiana Pacers,Chris Duarte,Oregon
2023,Indiana Pacers,Tyrese Haliburton,Iowa State
2023,Indiana Pacers,Buddy Hield,Oklahoma
2023,Indiana Pacers,George Hill,IUPUI
2023,Indiana Pacers,Isaiah Jackson,Kentucky
2023,Indiana Pacers,James Johnson,Wake Forest
2023,Indiana Pacers,Bennedict Mathurin,Arizona
2023,Indiana Pacers,T.J. McConnell,"Duquesne, Arizona"
2023,Indiana Pacers,Andrew Nembhard,"Florida, Gonzaga"
2023,Indiana Pacers,Aaron Nesmith,Vanderbilt
2023,Indiana Pacers,Jordan Nwora,Louisville
2023,Indiana Pacers,Trevelin Queen,"College of Marin, New Mexico Military Institute, New Mexico State"
2023,Indiana Pacers,Jalen Smith,Maryland
2023,Indiana Pacers,Terry Taylor,Austin Peay State University
2023,Indiana Pacers,Daniel Theis,
2023,Indiana Pacers,Myles Turner,Texas
2023,Indiana Pacers,Gabe York,Arizona
2023,Los Angeles Clippers,Nicolas Batum,
2023,Los Angeles Clippers,Brandon Boston Jr.,Kentucky
2023,Los Angeles Clippers,Moses Brown,UCLA
2023,Los Angeles Clippers,Amir Coffey,Minnesota
2023,Los Angeles Clippers,Robert Covington,Tennessee State
2023,Los Angeles Clippers,Moussa Diabaté,Michigan
2023,Los Angeles Clippers,Paul George,Fresno State
2023,Los Angeles Clippers,Eric Gordon,Indiana
2023,Los Angeles Clippers,Bones Hyland,VCU
2023,Los Angeles Clippers,Reggie Jackson,Boston College
2023,Los Angeles Clippers,Luke Kennard,Duke
2023,Los Angeles Clippers,Kawhi Leonard,San Diego State
2023,Los Angeles Clippers,Terance Mann,Florida State
2023,Los Angeles Clippers,Xavier Moon,"Northwest Florida State College, Morehead State University"
2023,Los Angeles Clippers,Marcus Morris,Kansas
2023,Los Angeles Clippers,Mason Plumlee,Duke
2023,Los Angeles Clippers,Norman Powell,UCLA
2023,Los Angeles Clippers,Jason Preston,Ohio University
2023,Los Angeles Clippers,John Wall,Kentucky
2023,Los Angeles Clippers,Russell Westbrook,UCLA
2023,Los Angeles Clippers,Ivica Zubac,
2023,Los Angeles Lakers,Mo Bamba,Texas
2023,Los Angeles Lakers,Malik Beasley,Florida State
2023,Los Angeles Lakers,Patrick Beverley,Arkansas
2023,Los Angeles Lakers,Sterling Brown,SMU
2023,Los Angeles Lakers,Troy Brown Jr.,Oregon
2023,Los Angeles Lakers,Thomas Bryant,Indiana
2023,Los Angeles Lakers,Max Christie,Michigan State
2023,Los Angeles Lakers,Anthony Davis,Kentucky
2023,Los Angeles Lakers,Wenyen Gabriel,Kentucky
2023,Los Angeles Lakers,Rui Hachimura,Gonzaga
2023,Los Angeles Lakers,Shaquille Harrison,Tulsa
2023,Los Angeles Lakers,LeBron James,
2023,Los Angeles Lakers,Damian Jones,Vanderbilt
2023,Los Angeles Lakers,Kendrick Nunn,"Illinois, Oakland"
2023,Los Angeles Lakers,Scotty Pippen Jr.,Vanderbilt
2023,Los Angeles Lakers,Austin Reaves,"Wichita State, Oklahoma"
2023,Los Angeles Lakers,Davon Reed,Miami (FL)
2023,Los Angeles Lakers,D'Angelo Russell,Ohio State
2023,Los Angeles Lakers,Matt Ryan,"Notre Dame, Vanderbilt, Chattanooga"
2023,Los Angeles Lakers,Dennis Schröder,
2023,Los Angeles Lakers,Cole Swider,"Villanova, Syracuse"
2023,Los Angeles Lakers,Tristan Thompson,Texas
2023,Los Angeles Lakers,Juan Toscano-Anderson,Marquette
2023,Los Angeles Lakers,Jarred Vanderbilt,Kentucky
2023,Los Angeles Lakers,Lonnie Walker IV,Miami (FL)
2023,Los Angeles Lakers,Russell Westbrook,UCLA
2023,Memphis Grizzlies,Steven Adams,Pitt
2023,Memphis Grizzlies,Santi Aldama,Loyola (MD)
2023,Memphis Grizzlies,Desmond Bane,TCU
2023,Memphis Grizzlies,Dillon Brooks,Oregon
2023,Memphis Grizzlies,Kennedy Chandler,Tennessee
2023,Memphis Grizzlies,Brandon Clarke,"San Jose State, Gonzaga"
2023,Memphis Grizzlies,Jacob Gilyard,Richmond
2023,Memphis Grizzlies,Danny Green,UNC
2023,Memphis Grizzlies,Jaren Jackson Jr.,Michigan State
2023,Memphis Grizzlies,Tyus Jones,Duke
2023,Memphis Grizzlies,Luke Kennard,Duke
2023,Memphis Grizzlies,John Konchar,Purdue-Fort Wayne
2023,Memphis Grizzlies,Jake LaRavia,"Indiana State University, Wake Forest"
2023,Memphis Grizzlies,Kenneth Lofton Jr.,Louisiana Tech
2023,Memphis Grizzlies,Ja Morant,Murray State
2023,Memphis Grizzlies,David Roddy,Colorado State
2023,Memphis Grizzlies,Xavier Tillman Sr.,Michigan State
2023,Memphis Grizzlies,Vince Williams Jr.,VCU
2023,Memphis Grizzlies,Ziaire Williams,Stanford
2023,Miami Heat,Bam Adebayo,Kentucky
2023,Miami Heat,Jamaree Bouyea,San Francisco
2023,Miami Heat,Jimmy Butler,"Tyler Junior College, Marquette"
2023,Miami Heat,Jamal Cain,"Marquette, Oakland"
2023,Miami Heat,Dewayne Dedmon,USC
2023,Miami Heat,Udonis Haslem,Florida
2023,Miami Heat,Tyler Herro,Kentucky
2023,Miami Heat,Haywood Highsmith,Wheeling University
2023,Miami Heat,Nikola Jović,
2023,Miami Heat,Kevin Love,UCLA
2023,Miami Heat,Kyle Lowry,Villanova
2023,Miami Heat,Caleb Martin,"NC State, Nevada"
2023,Miami Heat,Victor Oladipo,Indiana
2023,Miami Heat,Duncan Robinson,"Williams, Michigan"
2023,Miami Heat,Orlando Robinson,Fresno State
2023,Miami Heat,Dru Smith,"University of Evansville, Missouri"
2023,Miami Heat,Max Strus,"Lewis (IL), DePaul"
2023,Miami Heat,Gabe Vincent,UC Santa Barbara
2023,Miami Heat,Omer Yurtseven,"NC State, Georgetown"
2023,Miami Heat,Cody Zeller,Indiana
2023,Milwaukee Bucks,Grayson Allen,Duke
2023,Milwaukee Bucks,Giannis Antetokounmpo,
2023,Milwaukee Bucks,Thanasis Antetokounmpo,
2023,Milwaukee Bucks,MarJon Beauchamp,Yakima Valley Community College
2023,Milwaukee Bucks,Jevon Carter,West Virginia
2023,Milwaukee Bucks,Pat Connaughton,Notre Dame
2023,Milwaukee Bucks,Jae Crowder,Marquette
2023,Milwaukee Bucks,Goran Dragić,
2023,Milwaukee Bucks,A.J. Green,University of Northern Iowa
2023,Milwaukee Bucks,George Hill,IUPUI
2023,Milwaukee Bucks,Jrue Holiday,UCLA
2023,Milwaukee Bucks,Serge Ibaka,
2023,Milwaukee Bucks,Joe Ingles,
2023,Milwaukee Bucks,Meyers Leonard,Illinois
2023,Milwaukee Bucks,Brook Lopez,Stanford
2023,Milwaukee Bucks,Sandro Mamukelashvili,Seton Hall
2023,Milwaukee Bucks,Wesley Matthews,Marquette
2023,Milwaukee Bucks,Khris Middleton,Texas A&M
2023,Milwaukee Bucks,Jordan Nwora,Louisville
2023,Milwaukee Bucks,Bobby Portis,Arkansas
2023,Milwaukee Bucks,Lindell Wigginton,Iowa State
2023,Minnesota Timberwolves,Nickeil Alexander-Walker,Virginia Tech
2023,Minnesota Timberwolves,Kyle Anderson,UCLA
2023,Minnesota Timberwolves,Mike Conley,Ohio State
2023,Minnesota Timberwolves,Anthony Edwards,Georgia
2023,Minnesota Timberwolves,Bryn Forbes,Michigan State
2023,Minnesota Timberwolves,Luka Garza,Iowa
2023,Minnesota Timberwolves,Rudy Gobert,
2023,Minnesota Timberwolves,Nathan Knight,William & Mary
2023,Minnesota Timberwolves,A.J. Lawson,South Carolina
2023,Minnesota Timberwolves,Jaden McDaniels,Washington
2023,Minnesota Timberwolves,Jordan McLaughlin,USC
2023,Minnesota Timberwolves,Josh Minott,Memphis
2023,Minnesota Timberwolves,Wendell Moore Jr.,Duke
2023,Minnesota Timberwolves,Jaylen Nowell,Washington
2023,Minnesota Timberwolves,Taurean Prince,Baylor
2023,Minnesota Timberwolves,Naz Reid,LSU
2023,Minnesota Timberwolves,Austin Rivers,Duke
2023,Minnesota Timberwolves,D'Angelo Russell,Ohio State
2023,Minnesota Timberwolves,Matt Ryan,"Notre Dame, Vanderbilt, Chattanooga"
2023,Minnesota Timberwolves,Karl-Anthony Towns,Kentucky
2023,New Orleans Pelicans,Jose Alvarado,Georgia Tech
2023,New Orleans Pelicans,Dyson Daniels,
2023,New Orleans Pelicans,Devonte' Graham,Kansas
2023,New Orleans Pelicans,Jaxson Hayes,Texas
2023,New Orleans Pelicans,Willy Hernangómez,
2023,New Orleans Pelicans,Brandon Ingram,Duke
2023,New Orleans Pelicans,Herbert Jones,Alabama
2023,New Orleans Pelicans,Kira Lewis Jr.,Alabama
2023,New Orleans Pelicans,Naji Marshall,Xavier
2023,New Orleans Pelicans,CJ McCollum,Lehigh
2023,New Orleans Pelicans,Trey Murphy III,"Rice University, Virginia"
2023,New Orleans Pelicans,Larry Nance Jr.,Wyoming
2023,New Orleans Pelicans,Josh Richardson,Tennessee
2023,New Orleans Pelicans,Dereon Seabron,NC State
2023,New Orleans Pelicans,Garrett Temple,LSU
2023,New Orleans Pelicans,Jonas Valančiūnas,
2023,New Orleans Pelicans,Zion Williamson,Duke
2023,New York Knicks,Ryan Arcidiacono,Villanova
2023,New York Knicks,RJ Barrett,Duke
2023,New York Knicks,Jalen Brunson,Villanova
2023,New York Knicks,Evan Fournier,
2023,New York Knicks,Quentin Grimes,"Kansas, Houston"
2023,New York Knicks,Josh Hart,Villanova
2023,New York Knicks,Isaiah Hartenstein,
2023,New York Knicks,DaQuan Jeffries,"Oral Roberts, Tulsa"
2023,New York Knicks,Trevor Keels,Duke
2023,New York Knicks,Miles McBride,West Virginia
2023,New York Knicks,Svi Mykhailiuk,Kansas
2023,New York Knicks,Immanuel Quickley,Kentucky
2023,New York Knicks,Julius Randle,Kentucky
2023,New York Knicks,Cam Reddish,Duke
2023,New York Knicks,Mitchell Robinson,Western Kentucky
2023,New York Knicks,Derrick Rose,Memphis
2023,New York Knicks,Jericho Sims,Texas
2023,New York Knicks,Obi Toppin,Dayton
2023,Oklahoma City Thunder,Darius Bazley,
2023,Oklahoma City Thunder,Jared Butler,Baylor
2023,Oklahoma City Thunder,Ousmane Dieng,
2023,Oklahoma City Thunder,Luguentz Dort,Arizona State
2023,Oklahoma City Thunder,Josh Giddey,
2023,Oklahoma City Thunder,Shai Gilgeous-Alexander,Kentucky
2023,Oklahoma City Thunder,Isaiah Joe,Arkansas
2023,Oklahoma City Thunder,Tre Mann,Florida
2023,Oklahoma City Thunder,Mike Muscala,Bucknell
2023,Oklahoma City Thunder,Eugene Omoruyi,"Rutgers University, Oregon"
2023,Oklahoma City Thunder,Aleksej Pokusevski,
2023,Oklahoma City Thunder,Jeremiah Robinson-Earl,Villanova
2023,Oklahoma City Thunder,Dario Šarić,
2023,Oklahoma City Thunder,Olivier Sarr,"Wake Forest, Kentucky"
2023,Oklahoma City Thunder,Lindy Waters III,Oklahoma State
2023,Oklahoma City Thunder,Aaron Wiggins,Maryland
2023,Oklahoma City Thunder,Jalen Williams,Santa Clara
2023,Oklahoma City Thunder,Jaylin Williams,Arkansas
2023,Oklahoma City Thunder,Kenrich Williams,TCU
2023,Orlando Magic,Cole Anthony,UNC
2023,Orlando Magic,Mo Bamba,Texas
2023,Orlando Magic,Paolo Banchero,Duke
2023,Orlando Magic,Goga Bitadze,
2023,Orlando Magic,Bol Bol,Oregon
2023,Orlando Magic,Wendell Carter Jr.,Duke
2023,Orlando Magic,Michael Carter-Williams,Syracuse
2023,Orlando Magic,Markelle Fultz,Washington
2023,Orlando Magic,R.J. Hampton,
2023,Orlando Magic,Gary Harris,Michigan State
2023,Orlando Magic,Kevon Harris,Stephen F. Austin
2023,Orlando Magic,Caleb Houstan,Michigan
2023,Orlando Magic,Jonathan Isaac,Florida State
2023,Orlando Magic,Chuma Okeke,Auburn
2023,Orlando Magic,Terrence Ross,Washington
2023,Orlando Magic,Admiral Schofield,Tennessee
2023,Orlando Magic,Jay Scrubb,John A. Logan College
2023,Orlando Magic,Jalen Suggs,Gonzaga
2023,Orlando Magic,Franz Wagner,Michigan
2023,Orlando Magic,Moritz Wagner,Michigan
2023,Philadelphia 76ers,Julian Champagnie,St. John's
2023,Philadelphia 76ers,Dewayne Dedmon,USC
2023,Philadelphia 76ers,Joel Embiid,Kansas
2023,Philadelphia 76ers,Michael Foster Jr.,
2023,Philadelphia 76ers,James Harden,Arizona State
2023,Philadelphia 76ers,Montrezl Harrell,Louisville
2023,Philadelphia 76ers,Tobias Harris,Tennessee
2023,Philadelphia 76ers,Danuel House Jr.,Texas A&M
2023,Philadelphia 76ers,Louis King,Oregon
2023,Philadelphia 76ers,Furkan Korkmaz,
2023,Philadelphia 76ers,Saben Lee,Vanderbilt
2023,Philadelphia 76ers,Tyrese Maxey,Kentucky
2023,Philadelphia 76ers,Mac McClung,"Georgetown, Texas Tech"
2023,Philadelphia 76ers,Jalen McDaniels,San Diego State
2023,Philadelphia 76ers,De'Anthony Melton,USC
2023,Philadelphia 76ers,Shake Milton,SMU
2023,Philadelphia 76ers,Georges Niang,Iowa State
2023,Philadelphia 76ers,Paul Reed,DePaul
2023,Philadelphia 76ers,Jaden Springer,Tennessee
2023,Philadelphia 76ers,Matisse Thybulle,Washington
2023,Philadelphia 76ers,P.J. Tucker,Texas
2023,Phoenix Suns,Deandre Ayton,Arizona
2023,Phoenix Suns,Darius Bazley,
2023,Phoenix Suns,Bismack Biyombo,
2023,Phoenix Suns,Devin Booker,Kentucky
2023,Phoenix Suns,Mikal Bridges,Villanova
2023,Phoenix Suns,Torrey Craig,USC Upstate
2023,Phoenix Suns,Kevin Durant,Texas
2023,Phoenix Suns,Cameron Johnson,"Pitt, UNC"
2023,Phoenix Suns,Jock Landale,Saint Mary's
2023,Phoenix Suns,Damion Lee,"Drexel, Louisville"
2023,Phoenix Suns,Saben Lee,Vanderbilt
2023,Phoenix Suns,Josh Okogie,Georgia Tech
2023,Phoenix Suns,Chris Paul,Wake Forest
2023,Phoenix Suns,Cameron Payne,Murray State
2023,Phoenix Suns,Terrence Ross,Washington
2023,Phoenix Suns,Dario Šarić,
2023,Phoenix Suns,Landry Shamet,Wichita State
2023,Phoenix Suns,Ish Wainright,Baylor
2023,Phoenix Suns,T.J. Warren,NC State
2023,Phoenix Suns,Duane Washington Jr.,Ohio State
2023,Portland Trail Blazers,Ryan Arcidiacono,Villanova
2023,Portland Trail Blazers,Greg Brown III,Texas
2023,Portland Trail Blazers,John Butler,Florida State
2023,Portland Trail Blazers,Chance Comanche,Arizona
2023,Portland Trail Blazers,Drew Eubanks,Oregon State
2023,Portland Trail Blazers,Jerami Grant,Syracuse
2023,Portland Trail Blazers,Shaquille Harrison,Tulsa
2023,Portland Trail Blazers,Josh Hart,Villanova
2023,Portland Trail Blazers,Keon Johnson,Tennessee
2023,Portland Trail Blazers,Kevin Knox,Kentucky
2023,Portland Trail Blazers,Damian Lillard,Weber State
2023,Portland Trail Blazers,Nassir Little,UNC
2023,Portland Trail Blazers,Skylar Mays,LSU
2023,Portland Trail Blazers,Justin Minaya,"South Carolina, Providence"
2023,Portland Trail Blazers,Jusuf Nurkić,
2023,Portland Trail Blazers,Gary Payton II,Oregon State
2023,Portland Trail Blazers,Cam Reddish,Duke
2023,Portland Trail Blazers,Shaedon Sharpe,Kentucky
2023,Portland Trail Blazers,Anfernee Simons,
2023,Portland Trail Blazers,Matisse Thybulle,Washington
2023,Portland Trail Blazers,Jabari Walker,Colorado
2023,Portland Trail Blazers,Trendon Watford,LSU
2023,Portland Trail Blazers,Nate Williams,Buffalo
2023,Portland Trail Blazers,Justise Winslow,Duke
2023,Sacramento Kings,Harrison Barnes,UNC
2023,Sacramento Kings,Deonte Burton,"Marquette, Iowa State"
2023,Sacramento Kings,Terence Davis,Ole Miss
2023,Sacramento Kings,Matthew Dellavedova,Saint Mary's
2023,Sacramento Kings,PJ Dozier,South Carolina
2023,Sacramento Kings,Kessler Edwards,Pepperdine
2023,Sacramento Kings,Keon Ellis,"Florida SouthWestern State College, Alabama"
2023,Sacramento Kings,De'Aaron Fox,Kentucky
2023,Sacramento Kings,Richaun Holmes,Bowling Green
2023,Sacramento Kings,Kevin Huerter,Maryland
2023,Sacramento Kings,Alex Len,Maryland
2023,Sacramento Kings,Trey Lyles,Kentucky
2023,Sacramento Kings,Chimezie Metu,USC
2023,Sacramento Kings,Davion Mitchell,"Auburn, Baylor"
2023,Sacramento Kings,Chima Moneke,"Northeast Community College, UC-Davis"
2023,Sacramento Kings,Malik Monk,Kentucky
2023,Sacramento Kings,Keegan Murray,Iowa
2023,Sacramento Kings,KZ Okpala,Stanford
2023,Sacramento Kings,Neemias Queta,Utah State University
2023,Sacramento Kings,Domantas Sabonis,Gonzaga
2023,San Antonio Spurs,Dominick Barlow,
2023,San Antonio Spurs,Charles Bassey,Western Kentucky
2023,San Antonio Spurs,Keita Bates-Diop,Ohio State
2023,San Antonio Spurs,Malaki Branham,Ohio State
2023,San Antonio Spurs,Julian Champagnie,St. John's
2023,San Antonio Spurs,Zach Collins,Gonzaga
2023,San Antonio Spurs,Gorgui Dieng,Louisville
2023,San Antonio Spurs,Devonte' Graham,Kansas
2023,San Antonio Spurs,Jordan Hall,Saint Joseph's
2023,San Antonio Spurs,Alize Johnson,"Frank Phillips College, Missouri State"
2023,San Antonio Spurs,Keldon Johnson,Kentucky
2023,San Antonio Spurs,Stanley Johnson,Arizona
2023,San Antonio Spurs,Tre Jones,Duke
2023,San Antonio Spurs,Romeo Langford,Indiana
2023,San Antonio Spurs,Sandro Mamukelashvili,Seton Hall
2023,San Antonio Spurs,Doug McDermott,Creighton
2023,San Antonio Spurs,Jakob Poeltl,Utah
2023,San Antonio Spurs,Joshua Primo,Alabama
2023,San Antonio Spurs,Josh Richardson,Tennessee
2023,San Antonio Spurs,Isaiah Roby,Nebraska
2023,San Antonio Spurs,Jeremy Sochan,Baylor
2023,San Antonio Spurs,Devin Vassell,Florida State
2023,San Antonio Spurs,Blake Wesley,Notre Dame
2023,Toronto Raptors,Precious Achiuwa,Memphis
2023,Toronto Raptors,OG Anunoby,Indiana
2023,Toronto Raptors,Dalano Banton,Nebraska
2023,Toronto Raptors,Scottie Barnes,Florida State
2023,Toronto Raptors,Will Barton,Memphis
2023,Toronto Raptors,Khem Birch,"Pitt, UNLV"
2023,Toronto Raptors,Chris Boucher,"New Mexico Junior College, Northwest College, Oregon"
2023,Toronto Raptors,Justin Champagnie,Pitt
2023,Toronto Raptors,Jeff Dowtin Jr.,Rhode Island
2023,Toronto Raptors,Malachi Flynn,"Washington State, San Diego State"
2023,Toronto Raptors,Ron Harper Jr.,Rutgers University
2023,Toronto Raptors,Juancho Hernangómez,
2023,Toronto Raptors,Christian Koloko,Arizona
2023,Toronto Raptors,Jakob Poeltl,Utah
2023,Toronto Raptors,Otto Porter Jr.,Georgetown
2023,Toronto Raptors,Pascal Siakam,New Mexico State
2023,Toronto Raptors,Gary Trent Jr.,Duke
2023,Toronto Raptors,Fred VanVleet,Wichita State
2023,Toronto Raptors,Joe Wieskamp,Iowa
2023,Toronto Raptors,Thaddeus Young,Georgia Tech
2023,Utah Jazz,Ochai Agbaji,Kansas
2023,Utah Jazz,Nickeil Alexander-Walker,Virginia Tech
2023,Utah Jazz,Udoka Azubuike,Kansas
2023,Utah Jazz,Malik Beasley,Florida State
2023,Utah Jazz,Leandro Bolmaro,
2023,Utah Jazz,Jarrell Brantley,College of Charleston
2023,Utah Jazz,Jordan Clarkson,"Tulsa, Missouri"
2023,Utah Jazz,Mike Conley,Ohio State
2023,Utah Jazz,Kris Dunn,Providence
2023,Utah Jazz,Simone Fontecchio,
2023,Utah Jazz,Rudy Gay,UConn
2023,Utah Jazz,Talen Horton-Tucker,Iowa State
2023,Utah Jazz,Frank Jackson,Duke
2023,Utah Jazz,Damian Jones,Vanderbilt
2023,Utah Jazz,Johnny Juzang,"Kentucky, UCLA"
2023,Utah Jazz,Walker Kessler,"UNC, Auburn"
2023,Utah Jazz,Lauri Markkanen,Arizona
2023,Utah Jazz,Kelly Olynyk,Gonzaga
2023,Utah Jazz,Micah Potter,"Ohio State, Wisconsin"
2023,Utah Jazz,Luka Šamanić,
2023,Utah Jazz,Collin Sexton,Alabama
2023,Utah Jazz,Juan Toscano-Anderson,Marquette
2023,Utah Jazz,Jarred Vanderbilt,Kentucky
2023,Washington Wizards,Deni Avdija,
2023,Washington Wizards,Will Barton,Memphis
2023,Washington Wizards,Bradley Beal,Florida
2023,Washington Wizards,Jamaree Bouyea,San Francisco
2023,Washington Wizards,Vernon Carey Jr.,Duke
2023,Washington Wizards,Xavier Cooks,Winthrop University
2023,Washington Wizards,Johnny Davis,Wisconsin
2023,Washington Wizards,Devon Dotson,Kansas
2023,Washington Wizards,Daniel Gafford,Arkansas
2023,Washington Wizards,Taj Gibson,USC
2023,Washington Wizards,Anthony Gill,"South Carolina, Virginia"
2023,Washington Wizards,Jordan Goodwin,Saint Louis
2023,Washington Wizards,Rui Hachimura,Gonzaga
2023,Washington Wizards,Jay Huff,Virginia
2023,Washington Wizards,Quenton Jackson,Texas A&M
2023,Washington Wizards,Corey Kispert,Gonzaga
2023,Washington Wizards,Kyle Kuzma,Utah
2023,Washington Wizards,Monte Morris,Iowa State
2023,Washington Wizards,Kendrick Nunn,"Illinois, Oakland"
2023,Washington Wizards,Kristaps Porziņģis,
2023,Washington Wizards,Jordan Schakel,San Diego State
2023,Washington Wizards,Isaiah Todd,
2023,Washington Wizards,Delon Wright,Utah
2023,Charlotte Hornets,LaMelo Ball,
2023,Charlotte Hornets,James Bouknight,UConn
2023,Charlotte Hornets,Gordon Hayward,Butler
2023,Charlotte Hornets,Kai Jones,Texas
2023,Charlotte Hornets,Théo Maledon,
2023,Charlotte Hornets,Cody Martin,"NC State, Nevada"
2023,Charlotte Hornets,Jalen McDaniels,San Diego State
2023,Charlotte Hornets,Bryce McGowens,Nebraska
2023,Charlotte Hornets,Svi Mykhailiuk,Kansas
2023,Charlotte Hornets,Kelly Oubre Jr.,Kansas
2023,Charlotte Hornets,Mason Plumlee,Duke
2023,Charlotte Hornets,Nick Richards,Kentucky
2023,Charlotte Hornets,Terry Rozier,Louisville
2023,Charlotte Hornets,Kobi Simmons,Arizona
2023,Charlotte Hornets,Dennis Smith Jr.,NC State
2023,Charlotte Hornets,Xavier Sneed,Kansas State
2023,Charlotte Hornets,JT Thor,Auburn
2023,Charlotte Hornets,P.J. Washington,Kentucky
2023,Charlotte Hornets,Mark Williams,Duke
2024,Atlanta Hawks,Saddiq Bey,Villanova
2024,Atlanta Hawks,Bogdan Bogdanović,
2024,Atlanta Hawks,Kobe Bufkin,Michigan
2024,Atlanta Hawks,Clint Capela,
2024,Atlanta Hawks,Bruno Fernando,Maryland
2024,Atlanta Hawks,Trent Forrest,Florida State
2024,Atlanta Hawks,AJ Griffin,Duke
2024,Atlanta Hawks,Mouhamed Gueye,Washington State
2024,Atlanta Hawks,De'Andre Hunter,Virginia
2024,Atlanta Hawks,Jalen Johnson,Duke
2024,Atlanta Hawks,Vít Krejčí,
2024,Atlanta Hawks,Seth Lundy,Penn State
2024,Atlanta Hawks,Garrison Mathews,Lipscomb
2024,Atlanta Hawks,Wesley Matthews,Marquette
2024,Atlanta Hawks,Patty Mills,Saint Mary's
2024,Atlanta Hawks,Dejounte Murray,Washington
2024,Atlanta Hawks,Onyeka Okongwu,USC
2024,Atlanta Hawks,Dylan Windler,Belmont
2024,Atlanta Hawks,Trae Young,Oklahoma
2024,Boston Celtics,Dalano Banton,Nebraska
2024,Boston Celtics,Oshae Brissett,Syracuse
2024,Boston Celtics,Jaylen Brown,California
2024,Boston Celtics,JD Davison,Alabama
2024,Boston Celtics,Sam Hauser,"Marquette, Virginia"
2024,Boston Celtics,Jrue Holiday,UCLA
2024,Boston Celtics,Al Horford,Florida
2024,Boston Celtics,Luke Kornet,Vanderbilt
2024,Boston Celtics,Svi Mykhailiuk,Kansas
2024,Boston Celtics,Drew Peterson,"Rice University, USC"
2024,Boston Celtics,Kristaps Porziņģis,
2024,Boston Celtics,Payton Pritchard,Oregon
2024,Boston Celtics,Neemias Queta,Utah State University
2024,Boston Celtics,Jaden Springer,Tennessee
2024,Boston Celtics,Lamar Stevens,Penn State
2024,Boston Celtics,Jayson Tatum,Duke
2024,Boston Celtics,Xavier Tillman Sr.,Michigan State
2024,Boston Celtics,Jordan Walsh,Arkansas
2024,Boston Celtics,Derrick White,"Colorado-Colorado Springs, Colorado"
2024,Brooklyn Nets,Keita Bates-Diop,Ohio State
2024,Brooklyn Nets,Mikal Bridges,Villanova
2024,Brooklyn Nets,Armoni Brooks,Houston
2024,Brooklyn Nets,Nic Claxton,Georgia
2024,Brooklyn Nets,Noah Clowney,Alabama
2024,Brooklyn Nets,Spencer Dinwiddie,Colorado
2024,Brooklyn Nets,Dorian Finney-Smith,Florida
2024,Brooklyn Nets,Harry Giles,Duke
2024,Brooklyn Nets,Jacob Gilyard,Richmond
2024,Brooklyn Nets,Cameron Johnson,"Pitt, UNC"
2024,Brooklyn Nets,Keon Johnson,Tennessee
2024,Brooklyn Nets,Royce O'Neale,"Denver, Baylor"
2024,Brooklyn Nets,Dennis Schröder,
2024,Brooklyn Nets,Day'Ron Sharpe,UNC
2024,Brooklyn Nets,Ben Simmons,LSU
2024,Brooklyn Nets,Dennis Smith Jr.,NC State
2024,Brooklyn Nets,Cam Thomas,LSU
2024,Brooklyn Nets,Lonnie Walker IV,Miami (FL)
2024,Brooklyn Nets,Trendon Watford,LSU
2024,Brooklyn Nets,Dariq Whitehead,Duke
2024,Brooklyn Nets,Jalen Wilson,Kansas
2024,Chicago Bulls,Onuralp Bitim,
2024,Chicago Bulls,Jevon Carter,West Virginia
2024,Chicago Bulls,Alex Caruso,Texas A&M
2024,Chicago Bulls,Torrey Craig,USC Upstate
2024,Chicago Bulls,DeMar DeRozan,USC
2024,Chicago Bulls,Ayo Dosunmu,Illinois
2024,Chicago Bulls,Henri Drell,
2024,Chicago Bulls,Andre Drummond,UConn
2024,Chicago Bulls,Andrew Funk,"Bucknell, Penn State"
2024,Chicago Bulls,Javonte Green,Radford
2024,Chicago Bulls,Zach LaVine,UCLA
2024,Chicago Bulls,Julian Phillips,Tennessee
2024,Chicago Bulls,Adama Sanogo,UConn
2024,Chicago Bulls,Terry Taylor,Austin Peay State University
2024,Chicago Bulls,Dalen Terry,Arizona
2024,Chicago Bulls,Nikola Vučević,USC
2024,Chicago Bulls,Coby White,UNC
2024,Chicago Bulls,Patrick Williams,Florida State
2024,Cleveland Cavaliers,Jarrett Allen,Texas
2024,Cleveland Cavaliers,Emoni Bates,"Memphis, Eastern Michigan"
2024,Cleveland Cavaliers,Darius Garland,Vanderbilt
2024,Cleveland Cavaliers,Ty Jerome,Virginia
2024,Cleveland Cavaliers,Damian Jones,Vanderbilt
2024,Cleveland Cavaliers,Caris LeVert,Michigan
2024,Cleveland Cavaliers,Sam Merrill,Utah State University
2024,Cleveland Cavaliers,Donovan Mitchell,Louisville
2024,Cleveland Cavaliers,Evan Mobley,USC
2024,Cleveland Cavaliers,Isaiah Mobley,USC
2024,Cleveland Cavaliers,Marcus Morris,Kansas
2024,Cleveland Cavaliers,Pete Nance,"Northwestern, UNC"
2024,Cleveland Cavaliers,Georges Niang,Iowa State
2024,Cleveland Cavaliers,Isaac Okoro,Auburn
2024,Cleveland Cavaliers,Craig Porter Jr.,"Vincennes University, Wichita State"
2024,Cleveland Cavaliers,Max Strus,"Lewis (IL), DePaul"
2024,Cleveland Cavaliers,Tristan Thompson,Texas
2024,Cleveland Cavaliers,Dean Wade,Kansas State
2024,Dallas Mavericks,Greg Brown III,Texas
2024,Dallas Mavericks,Seth Curry,"Liberty, Duke"
2024,Dallas Mavericks,Dexter Dennis,"Wichita State, Texas A&M"
2024,Dallas Mavericks,Luka Dončić,
2024,Dallas Mavericks,Danté Exum,
2024,Dallas Mavericks,Alex Fudge,"LSU, Florida"
2024,Dallas Mavericks,Daniel Gafford,Arkansas
2024,Dallas Mavericks,Josh Green,Arizona
2024,Dallas Mavericks,Tim Hardaway Jr.,Michigan
2024,Dallas Mavericks,Jaden Hardy,
2024,Dallas Mavericks,Richaun Holmes,Bowling Green
2024,Dallas Mavericks,Kyrie Irving,Duke
2024,Dallas Mavericks,Derrick Jones Jr.,UNLV
2024,Dallas Mavericks,Maxi Kleber,
2024,Dallas Mavericks,A.J. Lawson,South Carolina
2024,Dallas Mavericks,Dereck Lively II,Duke
2024,Dallas Mavericks,Markieff Morris,Kansas
2024,Dallas Mavericks,Dwight Powell,Stanford
2024,Dallas Mavericks,Olivier-Maxence Prosper,"Clemson, Marquette"
2024,Dallas Mavericks,P.J. Washington,Kentucky
2024,Dallas Mavericks,Brandon Williams,Arizona
2024,Dallas Mavericks,Grant Williams,Tennessee
2024,Denver Nuggets,Christian Braun,Kansas
2024,Denver Nuggets,Kentavious Caldwell-Pope,Georgia
2024,Denver Nuggets,Collin Gillespie,Villanova
2024,Denver Nuggets,Aaron Gordon,Arizona
2024,Denver Nuggets,Justin Holiday,Washington
2024,Denver Nuggets,Jay Huff,Virginia
2024,Denver Nuggets,Reggie Jackson,Boston College
2024,Denver Nuggets,Nikola Jokić,
2024,Denver Nuggets,DeAndre Jordan,Texas A&M
2024,Denver Nuggets,Braxton Key,"Alabama, Virginia"
2024,Denver Nuggets,Jamal Murray,Kentucky
2024,Denver Nuggets,Zeke Nnaji,Arizona
2024,Denver Nuggets,Jalen Pickett,"Siena College, Penn State"
2024,Denver Nuggets,Michael Porter Jr.,Missouri
2024,Denver Nuggets,Julian Strawther,Gonzaga
2024,Denver Nuggets,Hunter Tyson,Clemson
2024,Denver Nuggets,Peyton Watson,UCLA
2024,Detroit Pistons,Marvin Bagley III,Duke
2024,Detroit Pistons,Buddy Boeheim,Syracuse
2024,Detroit Pistons,Bojan Bogdanović,
2024,Detroit Pistons,Troy Brown Jr.,Oregon
2024,Detroit Pistons,Alec Burks,Colorado
2024,Detroit Pistons,Malcolm Cazalon,
2024,Detroit Pistons,Cade Cunningham,Oklahoma State
2024,Detroit Pistons,Jalen Duren,Memphis
2024,Detroit Pistons,Tosan Evbuomwan,Princeton
2024,Detroit Pistons,Malachi Flynn,"Washington State, San Diego State"
2024,Detroit Pistons,Simone Fontecchio,
2024,Detroit Pistons,Evan Fournier,
2024,Detroit Pistons,Danilo Gallinari,
2024,Detroit Pistons,Taj Gibson,USC
2024,Detroit Pistons,Quentin Grimes,"Kansas, Houston"
2024,Detroit Pistons,Joe Harris,Virginia
2024,Detroit Pistons,Killian Hayes,
2024,Detroit Pistons,Jaden Ivey,Purdue
2024,Detroit Pistons,Kevin Knox,Kentucky
2024,Detroit Pistons,Isaiah Livers,Michigan
2024,Detroit Pistons,Chimezie Metu,USC
2024,Detroit Pistons,Shake Milton,SMU
2024,Detroit Pistons,Monte Morris,Iowa State
2024,Detroit Pistons,Mike Muscala,Bucknell
2024,Detroit Pistons,Jaylen Nowell,Washington
2024,Detroit Pistons,Jared Rhoden,Seton Hall
2024,Detroit Pistons,Marcus Sasser,Houston
2024,Detroit Pistons,Isaiah Stewart,Washington
2024,Detroit Pistons,Ausar Thompson,
2024,Detroit Pistons,Stanley Umude,"South Dakota, Arkansas"
2024,Detroit Pistons,James Wiseman,Memphis
2024,Golden State Warriors,Stephen Curry,Davidson
2024,Golden State Warriors,Usman Garuba,
2024,Golden State Warriors,Draymond Green,Michigan State
2024,Golden State Warriors,Trayce Jackson-Davis,Indiana
2024,Golden State Warriors,Cory Joseph,Texas
2024,Golden State Warriors,Jonathan Kuminga,
2024,Golden State Warriors,Kevon Looney,UCLA
2024,Golden State Warriors,Moses Moody,Arkansas
2024,Golden State Warriors,Chris Paul,Wake Forest
2024,Golden State Warriors,Gary Payton II,Oregon State
2024,Golden State Warriors,Brandin Podziemski,"Illinois, Santa Clara"
2024,Golden State Warriors,Lester Quiñones,Memphis
2024,Golden State Warriors,Jerome Robinson,Boston College
2024,Golden State Warriors,Gui Santos,
2024,Golden State Warriors,Dario Šarić,
2024,Golden State Warriors,Pat Spencer,"Loyola (MD), Northwestern"
2024,Golden State Warriors,Klay Thompson,Washington State
2024,Golden State Warriors,Andrew Wiggins,Kansas
2024,Houston Rockets,Dillon Brooks,Oregon
2024,Houston Rockets,Reggie Bullock,UNC
2024,Houston Rockets,Tari Eason,"Cincinnati, LSU"
2024,Houston Rockets,Jalen Green,
2024,Houston Rockets,Jeff Green,Georgetown
2024,Houston Rockets,Nate Hinton,Houston
2024,Houston Rockets,Aaron Holiday,UCLA
2024,Houston Rockets,Jock Landale,Saint Mary's
2024,Houston Rockets,Boban Marjanović,
2024,Houston Rockets,Jermaine Samuels,Villanova
2024,Houston Rockets,Alperen Şengün,
2024,Houston Rockets,Jabari Smith Jr.,Auburn
2024,Houston Rockets,Jae'Sean Tate,Ohio State
2024,Houston Rockets,Amen Thompson,
2024,Houston Rockets,Fred VanVleet,Wichita State
2024,Houston Rockets,Cam Whitmore,Villanova
2024,Houston Rockets,Nate Williams,Buffalo
2024,Indiana Pacers,Bruce Brown,Miami (FL)
2024,Indiana Pacers,Kendall Brown,Baylor
2024,Indiana Pacers,Tyrese Haliburton,Iowa State
2024,Indiana Pacers,Buddy Hield,Oklahoma
2024,Indiana Pacers,Isaiah Jackson,Kentucky
2024,Indiana Pacers,Quenton Jackson,Texas A&M
2024,Indiana Pacers,James Johnson,Wake Forest
2024,Indiana Pacers,Bennedict Mathurin,Arizona
2024,Indiana Pacers,T.J. McConnell,"Duquesne, Arizona"
2024,Indiana Pacers,Doug McDermott,Creighton
2024,Indiana Pacers,Andrew Nembhard,"Florida, Gonzaga"
2024,Indiana Pacers,Aaron Nesmith,Vanderbilt
2024,Indiana Pacers,Jordan Nwora,Louisville
2024,Indiana Pacers,Ben Sheppard,Belmont
2024,Indiana Pacers,Pascal Siakam,New Mexico State
2024,Indiana Pacers,Jalen Smith,Maryland
2024,Indiana Pacers,Daniel Theis,
2024,Indiana Pacers,Obi Toppin,Dayton
2024,Indiana Pacers,Oscar Tshiebwe,"West Virginia, Kentucky"
2024,Indiana Pacers,Myles Turner,Texas
2024,Indiana Pacers,Jarace Walker,Houston
2024,Indiana Pacers,Isaiah Wong,Miami (FL)
2024,Los Angeles Clippers,Nicolas Batum,
2024,Los Angeles Clippers,Brandon Boston Jr.,Kentucky
2024,Los Angeles Clippers,Kobe Brown,Missouri
2024,Los Angeles Clippers,Amir Coffey,Minnesota
2024,Los Angeles Clippers,Robert Covington,Tennessee State
2024,Los Angeles Clippers,Moussa Diabaté,Michigan
2024,Los Angeles Clippers,Paul George,Fresno State
2024,Los Angeles Clippers,James Harden,Arizona State
2024,Los Angeles Clippers,Bones Hyland,VCU
2024,Los Angeles Clippers,Kawhi Leonard,San Diego State
2024,Los Angeles Clippers,Terance Mann,Florida State
2024,Los Angeles Clippers,KJ Martin,
2024,Los Angeles Clippers,Jordan Miller,"George Mason, Miami (FL)"
2024,Los Angeles Clippers,Xavier Moon,"Northwest Florida State College, Morehead State University"
2024,Los Angeles Clippers,Mason Plumlee,Duke
2024,Los Angeles Clippers,Norman Powell,UCLA
2024,Los Angeles Clippers,Joshua Primo,Alabama
2024,Los Angeles Clippers,Daniel Theis,
2024,Los Angeles Clippers,P.J. Tucker,Texas
2024,Los Angeles Clippers,Russell Westbrook,UCLA
2024,Los Angeles Clippers,Ivica Zubac,
2024,Los Angeles Lakers,Colin Castleton,"Michigan, Florida"
2024,Los Angeles Lakers,Max Christie,Michigan State
2024,Los Angeles Lakers,Anthony Davis,Kentucky
2024,Los Angeles Lakers,Spencer Dinwiddie,Colorado
2024,Los Angeles Lakers,Alex Fudge,"LSU, Florida"
2024,Los Angeles Lakers,Harry Giles,Duke
2024,Los Angeles Lakers,Rui Hachimura,Gonzaga
2024,Los Angeles Lakers,Jaxson Hayes,Texas
2024,Los Angeles Lakers,D'Moi Hodge,"State College of Florida, Manatee-Sarasota, Cleveland State University, Missouri"
2024,Los Angeles Lakers,Jalen Hood-Schifino,Indiana
2024,Los Angeles Lakers,LeBron James,
2024,Los Angeles Lakers,Maxwell Lewis,Pepperdine
2024,Los Angeles Lakers,Skylar Mays,LSU
2024,Los Angeles Lakers,Taurean Prince,Baylor
2024,Los Angeles Lakers,Austin Reaves,"Wichita State, Oklahoma"
2024,Los Angeles Lakers,Cam Reddish,Duke
2024,Los Angeles Lakers,D'Angelo Russell,Ohio State
2024,Los Angeles Lakers,Jarred Vanderbilt,Kentucky
2024,Los Angeles Lakers,Gabe Vincent,UC Santa Barbara
2024,Los Angeles Lakers,Dylan Windler,Belmont
2024,Los Angeles Lakers,Christian Wood,UNLV
2024,Memphis Grizzlies,Santi Aldama,Loyola (MD)
2024,Memphis Grizzlies,Timmy Allen,"Utah, Texas"
2024,Memphis Grizzlies,Desmond Bane,TCU
2024,Memphis Grizzlies,Bismack Biyombo,
2024,Memphis Grizzlies,Brandon Clarke,"San Jose State, Gonzaga"
2024,Memphis Grizzlies,Tosan Evbuomwan,Princeton
2024,Memphis Grizzlies,Wenyen Gabriel,Kentucky
2024,Memphis Grizzlies,Jacob Gilyard,Richmond
2024,Memphis Grizzlies,Jordan Goodwin,Saint Louis
2024,Memphis Grizzlies,Shaquille Harrison,Tulsa
2024,Memphis Grizzlies,Matthew Hurt,Duke
2024,Memphis Grizzlies,GG Jackson II,South Carolina
2024,Memphis Grizzlies,Jaren Jackson Jr.,Michigan State
2024,Memphis Grizzlies,DeJon Jarreau,"UMass, Houston"
2024,Memphis Grizzlies,Trey Jemison,"Clemson, UAB"
2024,Memphis Grizzlies,Luke Kennard,Duke
2024,Memphis Grizzlies,John Konchar,Purdue-Fort Wayne
2024,Memphis Grizzlies,Jake LaRavia,"Indiana State University, Wake Forest"
2024,Memphis Grizzlies,Kenneth Lofton Jr.,Louisiana Tech
2024,Memphis Grizzlies,Ja Morant,Murray State
2024,Memphis Grizzlies,Jaylen Nowell,Washington
2024,Memphis Grizzlies,Mãozinha Pereira,
2024,Memphis Grizzlies,Scotty Pippen Jr.,Vanderbilt
2024,Memphis Grizzlies,David Roddy,Colorado State
2024,Memphis Grizzlies,Derrick Rose,Memphis
2024,Memphis Grizzlies,Zavier Simpson,Michigan
2024,Memphis Grizzlies,Marcus Smart,Oklahoma State
2024,Memphis Grizzlies,Lamar Stevens,Penn State
2024,Memphis Grizzlies,Xavier Tillman Sr.,Michigan State
2024,Memphis Grizzlies,Yuta Watanabe,George Washington
2024,Memphis Grizzlies,Jack White,Duke
2024,Memphis Grizzlies,Vince Williams Jr.,VCU
2024,Memphis Grizzlies,Ziaire Williams,Stanford
2024,Miami Heat,Bam Adebayo,Kentucky
2024,Miami Heat,Thomas Bryant,Indiana
2024,Miami Heat,Jimmy Butler,"Tyler Junior College, Marquette"
2024,Miami Heat,Jamal Cain,"Marquette, Oakland"
2024,Miami Heat,R.J. Hampton,
2024,Miami Heat,Tyler Herro,Kentucky
2024,Miami Heat,Haywood Highsmith,Wheeling University
2024,Miami Heat,Jaime Jaquez Jr.,UCLA
2024,Miami Heat,Nikola Jović,
2024,Miami Heat,Kevin Love,UCLA
2024,Miami Heat,Kyle Lowry,Villanova
2024,Miami Heat,Caleb Martin,"NC State, Nevada"
2024,Miami Heat,Patty Mills,Saint Mary's
2024,Miami Heat,Josh Richardson,Tennessee
2024,Miami Heat,Duncan Robinson,"Williams, Michigan"
2024,Miami Heat,Orlando Robinson,Fresno State
2024,Miami Heat,Terry Rozier,Louisville
2024,Miami Heat,Dru Smith,"University of Evansville, Missouri"
2024,Miami Heat,Cole Swider,"Villanova, Syracuse"
2024,Miami Heat,Alondes Williams,"Triton College, Oklahoma, Wake Forest"
2024,Miami Heat,Delon Wright,Utah
2024,Milwaukee Bucks,Giannis Antetokounmpo,
2024,Milwaukee Bucks,Thanasis Antetokounmpo,
2024,Milwaukee Bucks,Malik Beasley,Florida State
2024,Milwaukee Bucks,MarJon Beauchamp,Yakima Valley Community College
2024,Milwaukee Bucks,Patrick Beverley,Arkansas
2024,Milwaukee Bucks,Marques Bolden,Duke
2024,Milwaukee Bucks,Pat Connaughton,Notre Dame
2024,Milwaukee Bucks,Jae Crowder,Marquette
2024,Milwaukee Bucks,Danilo Gallinari,
2024,Milwaukee Bucks,A.J. Green,University of Northern Iowa
2024,Milwaukee Bucks,Andre Jackson Jr.,UConn
2024,Milwaukee Bucks,Damian Lillard,Weber State
2024,Milwaukee Bucks,Chris Livingston,Kentucky
2024,Milwaukee Bucks,Brook Lopez,Stanford
2024,Milwaukee Bucks,Robin Lopez,Stanford
2024,Milwaukee Bucks,Khris Middleton,Texas A&M
2024,Milwaukee Bucks,Cameron Payne,Murray State
2024,Milwaukee Bucks,Bobby Portis,Arkansas
2024,Milwaukee Bucks,Ryan Rollins,Toledo
2024,Milwaukee Bucks,TyTy Washington Jr.,Kentucky
2024,Milwaukee Bucks,Lindell Wigginton,Iowa State
2024,Minnesota Timberwolves,Nickeil Alexander-Walker,Virginia Tech
2024,Minnesota Timberwolves,Kyle Anderson,UCLA
2024,Minnesota Timberwolves,Troy Brown Jr.,Oregon
2024,Minnesota Timberwolves,Mike Conley,Ohio State
2024,Minnesota Timberwolves,Anthony Edwards,Georgia
2024,Minnesota Timberwolves,Luka Garza,Iowa
2024,Minnesota Timberwolves,Rudy Gobert,
2024,Minnesota Timberwolves,Justin Jackson,UNC
2024,Minnesota Timberwolves,Jaden McDaniels,Washington
2024,Minnesota Timberwolves,Jordan McLaughlin,USC
2024,Minnesota Timberwolves,Leonard Miller,
2024,Minnesota Timberwolves,Shake Milton,SMU
2024,Minnesota Timberwolves,Josh Minott,Memphis
2024,Minnesota Timberwolves,Wendell Moore Jr.,Duke
2024,Minnesota Timberwolves,Monte Morris,Iowa State
2024,Minnesota Timberwolves,Daishen Nix,
2024,Minnesota Timberwolves,Naz Reid,LSU
2024,Minnesota Timberwolves,Karl-Anthony Towns,Kentucky
2024,Minnesota Timberwolves,T.J. Warren,NC State
2024,New Orleans Pelicans,Jose Alvarado,Georgia Tech
2024,New Orleans Pelicans,Izaiah Brockington,"St. Bonaventure, Penn State, Iowa State"
2024,New Orleans Pelicans,Jalen Crutcher,Dayton
2024,New Orleans Pelicans,Dyson Daniels,
2024,New Orleans Pelicans,Kaiser Gates,Xavier
2024,New Orleans Pelicans,Jordan Hawkins,UConn
2024,New Orleans Pelicans,Brandon Ingram,Duke
2024,New Orleans Pelicans,Herbert Jones,Alabama
2024,New Orleans Pelicans,Kira Lewis Jr.,Alabama
2024,New Orleans Pelicans,E.J. Liddell,Ohio State
2024,New Orleans Pelicans,Naji Marshall,Xavier
2024,New Orleans Pelicans,CJ McCollum,Lehigh
2024,New Orleans Pelicans,Trey Murphy III,"Rice University, Virginia"
2024,New Orleans Pelicans,Larry Nance Jr.,Wyoming
2024,New Orleans Pelicans,Jeremiah Robinson-Earl,Villanova
2024,New Orleans Pelicans,Matt Ryan,"Notre Dame, Vanderbilt, Chattanooga"
2024,New Orleans Pelicans,Dereon Seabron,NC State
2024,New Orleans Pelicans,Jonas Valančiūnas,
2024,New Orleans Pelicans,Zion Williamson,Duke
2024,New Orleans Pelicans,Cody Zeller,Indiana
2024,New York Knicks,Precious Achiuwa,Memphis
2024,New York Knicks,OG Anunoby,Indiana
2024,New York Knicks,Ryan Arcidiacono,Villanova
2024,New York Knicks,RJ Barrett,Duke
2024,New York Knicks,Bojan Bogdanović,
2024,New York Knicks,Charlie Brown Jr.,Saint Joseph's
2024,New York Knicks,Jalen Brunson,Villanova
2024,New York Knicks,Alec Burks,Colorado
2024,New York Knicks,Mamadi Diakite,Virginia
2024,New York Knicks,Donte DiVincenzo,Villanova
2024,New York Knicks,Malachi Flynn,"Washington State, San Diego State"
2024,New York Knicks,Evan Fournier,
2024,New York Knicks,Taj Gibson,USC
2024,New York Knicks,Quentin Grimes,"Kansas, Houston"
2024,New York Knicks,Josh Hart,Villanova
2024,New York Knicks,Isaiah Hartenstein,
2024,New York Knicks,DaQuan Jeffries,"Oral Roberts, Tulsa"
2024,New York Knicks,Miles McBride,West Virginia
2024,New York Knicks,Shake Milton,SMU
2024,New York Knicks,Immanuel Quickley,Kentucky
2024,New York Knicks,Julius Randle,Kentucky
2024,New York Knicks,Mitchell Robinson,Western Kentucky
2024,New York Knicks,Jericho Sims,Texas
2024,New York Knicks,Dmytro Skapintsev,Cal State Northridge
2024,New York Knicks,Jacob Toppin,"Rhode Island, Kentucky"
2024,New York Knicks,Dylan Windler,Belmont
2024,Oklahoma City Thunder,Dāvis Bertāns,
2024,Oklahoma City Thunder,Bismack Biyombo,
2024,Oklahoma City Thunder,Ousmane Dieng,
2024,Oklahoma City Thunder,Luguentz Dort,Arizona State
2024,Oklahoma City Thunder,Adam Flagler,"Presbyterian College, Baylor"
2024,Oklahoma City Thunder,Josh Giddey,
2024,Oklahoma City Thunder,Shai Gilgeous-Alexander,Kentucky
2024,Oklahoma City Thunder,Gordon Hayward,Butler
2024,Oklahoma City Thunder,Chet Holmgren,Gonzaga
2024,Oklahoma City Thunder,Isaiah Joe,Arkansas
2024,Oklahoma City Thunder,Keyontae Johnson,"Florida, Kansas State"
2024,Oklahoma City Thunder,Tre Mann,Florida
2024,Oklahoma City Thunder,Vasilije Micić,
2024,Oklahoma City Thunder,Mike Muscala,Bucknell
2024,Oklahoma City Thunder,Aleksej Pokusevski,
2024,Oklahoma City Thunder,Olivier Sarr,"Wake Forest, Kentucky"
2024,Oklahoma City Thunder,Cason Wallace,Kentucky
2024,Oklahoma City Thunder,Lindy Waters III,Oklahoma State
2024,Oklahoma City Thunder,Aaron Wiggins,Maryland
2024,Oklahoma City Thunder,Jalen Williams,Santa Clara
2024,Oklahoma City Thunder,Jaylin Williams,Arkansas
2024,Oklahoma City Thunder,Kenrich Williams,TCU
2024,Orlando Magic,Cole Anthony,UNC
2024,Orlando Magic,Paolo Banchero,Duke
2024,Orlando Magic,Goga Bitadze,
2024,Orlando Magic,Anthony Black,Arkansas
2024,Orlando Magic,Wendell Carter Jr.,Duke
2024,Orlando Magic,Markelle Fultz,Washington
2024,Orlando Magic,Gary Harris,Michigan State
2024,Orlando Magic,Kevon Harris,Stephen F. Austin
2024,Orlando Magic,Caleb Houstan,Michigan
2024,Orlando Magic,Jett Howard,Michigan
2024,Orlando Magic,Joe Ingles,
2024,Orlando Magic,Jonathan Isaac,Florida State
2024,Orlando Magic,Chuma Okeke,Auburn
2024,Orlando Magic,Trevelin Queen,"College of Marin, New Mexico Military Institute, New Mexico State"
2024,Orlando Magic,Admiral Schofield,Tennessee
2024,Orlando Magic,Jalen Suggs,Gonzaga
2024,Orlando Magic,Franz Wagner,Michigan
2024,Orlando Magic,Moritz Wagner,Michigan
2024,Philadelphia 76ers,Mo Bamba,Texas
2024,Philadelphia 76ers,Nicolas Batum,
2024,Philadelphia 76ers,Darius Bazley,
2024,Philadelphia 76ers,Patrick Beverley,Arkansas
2024,Philadelphia 76ers,Ricky Council IV,"Wichita State, Arkansas"
2024,Philadelphia 76ers,Robert Covington,Tennessee State
2024,Philadelphia 76ers,Jeff Dowtin Jr.,Rhode Island
2024,Philadelphia 76ers,Joel Embiid,Kansas
2024,Philadelphia 76ers,Danny Green,UNC
2024,Philadelphia 76ers,Tobias Harris,Tennessee
2024,Philadelphia 76ers,Buddy Hield,Oklahoma
2024,Philadelphia 76ers,Danuel House Jr.,Texas A&M
2024,Philadelphia 76ers,Furkan Korkmaz,
2024,Philadelphia 76ers,Kenneth Lofton Jr.,Louisiana Tech
2024,Philadelphia 76ers,Kyle Lowry,Villanova
2024,Philadelphia 76ers,KJ Martin,
2024,Philadelphia 76ers,Tyrese Maxey,Kentucky
2024,Philadelphia 76ers,De'Anthony Melton,USC
2024,Philadelphia 76ers,Marcus Morris,Kansas
2024,Philadelphia 76ers,Kelly Oubre Jr.,Kansas
2024,Philadelphia 76ers,Cameron Payne,Murray State
2024,Philadelphia 76ers,Filip Petrušev,Gonzaga
2024,Philadelphia 76ers,Paul Reed,DePaul
2024,Philadelphia 76ers,Javonte Smart,LSU
2024,Philadelphia 76ers,Terquavion Smith,NC State
2024,Philadelphia 76ers,Jaden Springer,Tennessee
2024,Philadelphia 76ers,P.J. Tucker,Texas
2024,Philadelphia 76ers,D.J. Wilson,Michigan
2024,Phoenix Suns,Grayson Allen,Duke
2024,Phoenix Suns,Udoka Azubuike,Kansas
2024,Phoenix Suns,Keita Bates-Diop,Ohio State
2024,Phoenix Suns,Bradley Beal,Florida
2024,Phoenix Suns,Bol Bol,Oregon
2024,Phoenix Suns,Devin Booker,Kentucky
2024,Phoenix Suns,Kevin Durant,Texas
2024,Phoenix Suns,Drew Eubanks,Oregon State
2024,Phoenix Suns,Jordan Goodwin,Saint Louis
2024,Phoenix Suns,Eric Gordon,Indiana
2024,Phoenix Suns,Saben Lee,Vanderbilt
2024,Phoenix Suns,Nassir Little,UNC
2024,Phoenix Suns,Théo Maledon,
2024,Phoenix Suns,Chimezie Metu,USC
2024,Phoenix Suns,Jusuf Nurkić,
2024,Phoenix Suns,Royce O'Neale,"Denver, Baylor"
2024,Phoenix Suns,Josh Okogie,Georgia Tech
2024,Phoenix Suns,David Roddy,Colorado State
2024,Phoenix Suns,Isaiah Thomas,Washington
2024,Phoenix Suns,Ish Wainright,Baylor
2024,Phoenix Suns,Yuta Watanabe,George Washington
2024,Phoenix Suns,Thaddeus Young,Georgia Tech
2024,Portland Trail Blazers,Deandre Ayton,Arizona
2024,Portland Trail Blazers,Ibou Badji,
2024,Portland Trail Blazers,Dalano Banton,Nebraska
2024,Portland Trail Blazers,Jamaree Bouyea,San Francisco
2024,Portland Trail Blazers,Malcolm Brogdon,Virginia
2024,Portland Trail Blazers,Moses Brown,UCLA
2024,Portland Trail Blazers,Toumani Camara,"Georgia, Dayton"
2024,Portland Trail Blazers,Jerami Grant,Syracuse
2024,Portland Trail Blazers,Ashton Hagans,Kentucky
2024,Portland Trail Blazers,Scoot Henderson,
2024,Portland Trail Blazers,Skylar Mays,LSU
2024,Portland Trail Blazers,Justin Minaya,"South Carolina, Providence"
2024,Portland Trail Blazers,Taze Moore,"Cal State-Bakersfield, Houston"
2024,Portland Trail Blazers,Kris Murray,Iowa
2024,Portland Trail Blazers,Duop Reath,"Lee College, LSU"
2024,Portland Trail Blazers,Rayan Rupert,
2024,Portland Trail Blazers,Shaedon Sharpe,Kentucky
2024,Portland Trail Blazers,Anfernee Simons,
2024,Portland Trail Blazers,Matisse Thybulle,Washington
2024,Portland Trail Blazers,Ish Wainright,Baylor
2024,Portland Trail Blazers,Jabari Walker,Colorado
2024,Portland Trail Blazers,Robert Williams,Texas A&M
2024,Sacramento Kings,Harrison Barnes,UNC
2024,Sacramento Kings,Chris Duarte,Oregon
2024,Sacramento Kings,Kessler Edwards,Pepperdine
2024,Sacramento Kings,Keon Ellis,"Florida SouthWestern State College, Alabama"
2024,Sacramento Kings,Jordan Ford,Saint Mary's
2024,Sacramento Kings,De'Aaron Fox,Kentucky
2024,Sacramento Kings,Kevin Huerter,Maryland
2024,Sacramento Kings,Colby Jones,Xavier
2024,Sacramento Kings,Mason Jones,"Connors State College, Arkansas"
2024,Sacramento Kings,Alex Len,Maryland
2024,Sacramento Kings,Trey Lyles,Kentucky
2024,Sacramento Kings,JaVale McGee,Nevada
2024,Sacramento Kings,Davion Mitchell,"Auburn, Baylor"
2024,Sacramento Kings,Malik Monk,Kentucky
2024,Sacramento Kings,Keegan Murray,Iowa
2024,Sacramento Kings,Filip Petrušev,Gonzaga
2024,Sacramento Kings,Domantas Sabonis,Gonzaga
2024,Sacramento Kings,Jalen Slawson,Furman University
2024,Sacramento Kings,Juan Toscano-Anderson,Marquette
2024,Sacramento Kings,Sasha Vezenkov,
2024,San Antonio Spurs,Dominick Barlow,
2024,San Antonio Spurs,Charles Bassey,Western Kentucky
2024,San Antonio Spurs,Jamaree Bouyea,San Francisco
2024,San Antonio Spurs,Malaki Branham,Ohio State
2024,San Antonio Spurs,Julian Champagnie,St. John's
2024,San Antonio Spurs,Sidy Cissoko,
2024,San Antonio Spurs,Zach Collins,Gonzaga
2024,San Antonio Spurs,Mamadi Diakite,Virginia
2024,San Antonio Spurs,David Duke Jr.,Providence
2024,San Antonio Spurs,Devonte' Graham,Kansas
2024,San Antonio Spurs,RaiQuan Gray,Florida State
2024,San Antonio Spurs,Keldon Johnson,Kentucky
2024,San Antonio Spurs,Tre Jones,Duke
2024,San Antonio Spurs,Sandro Mamukelashvili,Seton Hall
2024,San Antonio Spurs,Doug McDermott,Creighton
2024,San Antonio Spurs,Cedi Osman,
2024,San Antonio Spurs,Jeremy Sochan,Baylor
2024,San Antonio Spurs,Devin Vassell,Florida State
2024,San Antonio Spurs,Victor Wembanyama,
2024,San Antonio Spurs,Blake Wesley,Notre Dame
2024,Toronto Raptors,Precious Achiuwa,Memphis
2024,Toronto Raptors,Ochai Agbaji,Kansas
2024,Toronto Raptors,OG Anunoby,Indiana
2024,Toronto Raptors,Scottie Barnes,Florida State
2024,Toronto Raptors,RJ Barrett,Duke
2024,Toronto Raptors,Chris Boucher,"New Mexico Junior College, Northwest College, Oregon"
2024,Toronto Raptors,Bruce Brown,Miami (FL)
2024,Toronto Raptors,D.J. Carton,"Ohio State, Marquette"
2024,Toronto Raptors,Gradey Dick,Kansas
2024,Toronto Raptors,Malachi Flynn,"Washington State, San Diego State"
2024,Toronto Raptors,Javon Freeman-Liberty,"Valparaiso, DePaul"
2024,Toronto Raptors,Mouhamadou Gueye,"Monroe Community College, Stony Brook University, Pitt"
2024,Toronto Raptors,Ron Harper Jr.,Rutgers University
2024,Toronto Raptors,Kira Lewis Jr.,Alabama
2024,Toronto Raptors,Jalen McDaniels,San Diego State
2024,Toronto Raptors,Markquis Nowell,"Little Rock, Kansas State"
2024,Toronto Raptors,Jordan Nwora,Louisville
2024,Toronto Raptors,Kelly Olynyk,Gonzaga
2024,Toronto Raptors,Jakob Poeltl,Utah
2024,Toronto Raptors,Jontay Porter,Missouri
2024,Toronto Raptors,Otto Porter Jr.,Georgetown
2024,Toronto Raptors,Immanuel Quickley,Kentucky
2024,Toronto Raptors,Jahmi'us Ramsey,Texas Tech
2024,Toronto Raptors,Dennis Schröder,
2024,Toronto Raptors,Pascal Siakam,New Mexico State
2024,Toronto Raptors,Kobi Simmons,Arizona
2024,Toronto Raptors,Garrett Temple,LSU
2024,Toronto Raptors,Gary Trent Jr.,Duke
2024,Toronto Raptors,Malik Williams,Louisville
2024,Toronto Raptors,Thaddeus Young,Georgia Tech
2024,Utah Jazz,Ochai Agbaji,Kansas
2024,Utah Jazz,Darius Bazley,
2024,Utah Jazz,Jordan Clarkson,"Tulsa, Missouri"
2024,Utah Jazz,John Collins,Wake Forest
2024,Utah Jazz,Kris Dunn,Providence
2024,Utah Jazz,Simone Fontecchio,
2024,Utah Jazz,Keyonte George,Baylor
2024,Utah Jazz,Taylor Hendricks,Central Florida
2024,Utah Jazz,Talen Horton-Tucker,Iowa State
2024,Utah Jazz,Johnny Juzang,"Kentucky, UCLA"
2024,Utah Jazz,Walker Kessler,"UNC, Auburn"
2024,Utah Jazz,Kira Lewis Jr.,Alabama
2024,Utah Jazz,Kenneth Lofton Jr.,Louisiana Tech
2024,Utah Jazz,Lauri Markkanen,Arizona
2024,Utah Jazz,Kelly Olynyk,Gonzaga
2024,Utah Jazz,Micah Potter,"Ohio State, Wisconsin"
2024,Utah Jazz,Jason Preston,Ohio University
2024,Utah Jazz,Luka Šamanić,
2024,Utah Jazz,Brice Sensabaugh,Ohio State
2024,Utah Jazz,Collin Sexton,Alabama
2024,Utah Jazz,Omer Yurtseven,"NC State, Georgetown"
2024,Washington Wizards,Deni Avdija,
2024,Washington Wizards,Marvin Bagley III,Duke
2024,Washington Wizards,Patrick Baldwin Jr.,UW-Milwaukee
2024,Washington Wizards,Jules Bernard,UCLA
2024,Washington Wizards,Jared Butler,Baylor
2024,Washington Wizards,Justin Champagnie,Pitt
2024,Washington Wizards,Bilal Coulibaly,
2024,Washington Wizards,Johnny Davis,Wisconsin
2024,Washington Wizards,Hamidou Diallo,Kentucky
2024,Washington Wizards,Daniel Gafford,Arkansas
2024,Washington Wizards,Danilo Gallinari,
2024,Washington Wizards,Anthony Gill,"South Carolina, Virginia"
2024,Washington Wizards,Richaun Holmes,Bowling Green
2024,Washington Wizards,Trey Jemison,"Clemson, UAB"
2024,Washington Wizards,Tyus Jones,Duke
2024,Washington Wizards,Corey Kispert,Gonzaga
2024,Washington Wizards,Kyle Kuzma,Utah
2024,Washington Wizards,Mike Muscala,Bucknell
2024,Washington Wizards,Eugene Omoruyi,"Rutgers University, Oregon"
2024,Washington Wizards,Jordan Poole,Michigan
2024,Washington Wizards,Ryan Rollins,Toledo
2024,Washington Wizards,Landry Shamet,Wichita State
2024,Washington Wizards,Tristan Vukcevic,
2024,Washington Wizards,Delon Wright,Utah
2024,Charlotte Hornets,Amari Bailey,UCLA
2024,Charlotte Hornets,LaMelo Ball,
2024,Charlotte Hornets,Dāvis Bertāns,
2024,Charlotte Hornets,Leaky Black,UNC
2024,Charlotte Hornets,Marques Bolden,Duke
2024,Charlotte Hornets,James Bouknight,UConn
2024,Charlotte Hornets,Miles Bridges,Michigan State
2024,Charlotte Hornets,Seth Curry,"Liberty, Duke"
2024,Charlotte Hornets,Gordon Hayward,Butler
2024,Charlotte Hornets,Théo Maledon,
2024,Charlotte Hornets,Tre Mann,Florida
2024,Charlotte Hornets,Cody Martin,"NC State, Nevada"
2024,Charlotte Hornets,Bryce McGowens,Nebraska
2024,Charlotte Hornets,Nathan Mensah,San Diego State
2024,Charlotte Hornets,Vasilije Micić,
2024,Charlotte Hornets,Brandon Miller,Alabama
2024,Charlotte Hornets,Frank Ntilikina,
2024,Charlotte Hornets,Aleksej Pokusevski,
2024,Charlotte Hornets,Nick Richards,Kentucky
2024,Charlotte Hornets,Terry Rozier,Louisville
2024,Charlotte Hornets,Ish Smith,Wake Forest
2024,Charlotte Hornets,Nick Smith Jr.,Arkansas
2024,Charlotte Hornets,JT Thor,Auburn
2024,Charlotte Hornets,P.J. Washington,Kentucky
2024,Charlotte Hornets,Grant Williams,Tennessee
2024,Charlotte Hornets,Mark Williams,Duke
2025,Atlanta Hawks,Dominick Barlow,
2025,Atlanta Hawks,Bogdan Bogdanović,
2025,Atlanta Hawks,Kobe Bufkin,Michigan
2025,Atlanta Hawks,Clint Capela,
2025,Atlanta Hawks,Dyson Daniels,
2025,Atlanta Hawks,Mouhamed Gueye,Washington State
2025,Atlanta Hawks,De'Andre Hunter,Virginia
2025,Atlanta Hawks,Jalen Johnson,Duke
2025,Atlanta Hawks,Vít Krejčí,
2025,Atlanta Hawks,Caris LeVert,Michigan
2025,Atlanta Hawks,Terance Mann,Florida State
2025,Atlanta Hawks,Garrison Mathews,Lipscomb
2025,Atlanta Hawks,Larry Nance Jr.,Wyoming
2025,Atlanta Hawks,Georges Niang,Iowa State
2025,Atlanta Hawks,Onyeka Okongwu,USC
2025,Atlanta Hawks,Daeqwon Plowden,Bowling Green
2025,Atlanta Hawks,Zaccharie Risacher,
2025,Atlanta Hawks,David Roddy,Colorado State
2025,Atlanta Hawks,Jacob Toppin,"Rhode Island, Kentucky"
2025,Atlanta Hawks,Keaton Wallace,Texas-San Antonio
2025,Atlanta Hawks,Trae Young,Oklahoma
2025,Boston Celtics,Jaylen Brown,California
2025,Boston Celtics,Torrey Craig,USC Upstate
2025,Boston Celtics,JD Davison,Alabama
2025,Boston Celtics,Sam Hauser,"Marquette, Virginia"
2025,Boston Celtics,Jrue Holiday,UCLA
2025,Boston Celtics,Al Horford,Florida
2025,Boston Celtics,Luke Kornet,Vanderbilt
2025,Boston Celtics,Miles Norris,"Oregon, City College of San Francisco, UC Santa Barbara"
2025,Boston Celtics,Drew Peterson,"Rice University, USC"
2025,Boston Celtics,Kristaps Porziņģis,
2025,Boston Celtics,Payton Pritchard,Oregon
2025,Boston Celtics,Neemias Queta,Utah State University
2025,Boston Celtics,Baylor Scheierman,"South Dakota State, Creighton"
2025,Boston Celtics,Jaden Springer,Tennessee
2025,Boston Celtics,Jayson Tatum,Duke
2025,Boston Celtics,Xavier Tillman Sr.,Michigan State
2025,Boston Celtics,Jordan Walsh,Arkansas
2025,Boston Celtics,Derrick White,"Colorado-Colorado Springs, Colorado"
2025,Brooklyn Nets,Reece Beekman,Virginia
2025,Brooklyn Nets,Nic Claxton,Georgia
2025,Brooklyn Nets,Noah Clowney,Alabama
2025,Brooklyn Nets,Cui Yongxi,
2025,Brooklyn Nets,Tyson Etienne,Wichita State
2025,Brooklyn Nets,Tosan Evbuomwan,Princeton
2025,Brooklyn Nets,Dorian Finney-Smith,Florida
2025,Brooklyn Nets,Killian Hayes,
2025,Brooklyn Nets,Cameron Johnson,"Pitt, UNC"
2025,Brooklyn Nets,Keon Johnson,Tennessee
2025,Brooklyn Nets,Maxwell Lewis,Pepperdine
2025,Brooklyn Nets,Jaylen Martin,
2025,Brooklyn Nets,Tyrese Martin,"Rhode Island, UConn"
2025,Brooklyn Nets,Shake Milton,SMU
2025,Brooklyn Nets,D'Angelo Russell,Ohio State
2025,Brooklyn Nets,Dennis Schröder,
2025,Brooklyn Nets,Day'Ron Sharpe,UNC
2025,Brooklyn Nets,Ben Simmons,LSU
2025,Brooklyn Nets,Cam Thomas,LSU
2025,Brooklyn Nets,Drew Timme,Gonzaga
2025,Brooklyn Nets,Trendon Watford,LSU
2025,Brooklyn Nets,Dariq Whitehead,Duke
2025,Brooklyn Nets,Ziaire Williams,Stanford
2025,Brooklyn Nets,Jalen Wilson,Kansas
2025,Chicago Bulls,Lonzo Ball,UCLA
2025,Chicago Bulls,Matas Buzelis,
2025,Chicago Bulls,Jevon Carter,West Virginia
2025,Chicago Bulls,Zach Collins,Gonzaga
2025,Chicago Bulls,Torrey Craig,USC Upstate
2025,Chicago Bulls,Ayo Dosunmu,Illinois
2025,Chicago Bulls,Chris Duarte,Oregon
2025,Chicago Bulls,Josh Giddey,
2025,Chicago Bulls,Talen Horton-Tucker,Iowa State
2025,Chicago Bulls,Kevin Huerter,Maryland
2025,Chicago Bulls,Tre Jones,Duke
2025,Chicago Bulls,Zach LaVine,UCLA
2025,Chicago Bulls,E.J. Liddell,Ohio State
2025,Chicago Bulls,Emanuel Miller,"Texas A&M, TCU"
2025,Chicago Bulls,Julian Phillips,Tennessee
2025,Chicago Bulls,Adama Sanogo,UConn
2025,Chicago Bulls,Jalen Smith,Maryland
2025,Chicago Bulls,Dalen Terry,Arizona
2025,Chicago Bulls,Nikola Vučević,USC
2025,Chicago Bulls,Coby White,UNC
2025,Chicago Bulls,Patrick Williams,Florida State
2025,Chicago Bulls,Jahmir Young,"UNC Charlotte, Maryland"
2025,Cleveland Cavaliers,Jarrett Allen,Texas
2025,Cleveland Cavaliers,Emoni Bates,"Memphis, Eastern Michigan"
2025,Cleveland Cavaliers,Darius Garland,Vanderbilt
2025,Cleveland Cavaliers,Javonte Green,Radford
2025,Cleveland Cavaliers,De'Andre Hunter,Virginia
2025,Cleveland Cavaliers,Ty Jerome,Virginia
2025,Cleveland Cavaliers,Caris LeVert,Michigan
2025,Cleveland Cavaliers,Sam Merrill,Utah State University
2025,Cleveland Cavaliers,Donovan Mitchell,Louisville
2025,Cleveland Cavaliers,Evan Mobley,USC
2025,Cleveland Cavaliers,Georges Niang,Iowa State
2025,Cleveland Cavaliers,Chuma Okeke,Auburn
2025,Cleveland Cavaliers,Isaac Okoro,Auburn
2025,Cleveland Cavaliers,Craig Porter Jr.,"Vincennes University, Wichita State"
2025,Cleveland Cavaliers,Max Strus,"Lewis (IL), DePaul"
2025,Cleveland Cavaliers,Tristan Thompson,Texas
2025,Cleveland Cavaliers,JT Thor,Auburn
2025,Cleveland Cavaliers,Nae'Qwan Tomlin,"Monroe Community College, Chipola College, Kansas State, Memphis"
2025,Cleveland Cavaliers,Luke Travers,
2025,Cleveland Cavaliers,Jaylon Tyson,"Texas, Texas Tech, California"
2025,Cleveland Cavaliers,Dean Wade,Kansas State
2025,Dallas Mavericks,Moses Brown,UCLA
2025,Dallas Mavericks,Max Christie,Michigan State
2025,Dallas Mavericks,Anthony Davis,Kentucky
2025,Dallas Mavericks,Spencer Dinwiddie,Colorado
2025,Dallas Mavericks,Luka Dončić,
2025,Dallas Mavericks,Kessler Edwards,Pepperdine
2025,Dallas Mavericks,Danté Exum,
2025,Dallas Mavericks,Daniel Gafford,Arkansas
2025,Dallas Mavericks,Jazian Gortman,
2025,Dallas Mavericks,Quentin Grimes,"Kansas, Houston"
2025,Dallas Mavericks,Jaden Hardy,
2025,Dallas Mavericks,Kyrie Irving,Duke
2025,Dallas Mavericks,Kai Jones,Texas
2025,Dallas Mavericks,Kylor Kelley,Oregon State
2025,Dallas Mavericks,Maxi Kleber,
2025,Dallas Mavericks,Dereck Lively II,Duke
2025,Dallas Mavericks,Naji Marshall,Xavier
2025,Dallas Mavericks,Caleb Martin,"NC State, Nevada"
2025,Dallas Mavericks,Markieff Morris,Kansas
2025,Dallas Mavericks,Dwight Powell,Stanford
2025,Dallas Mavericks,Olivier-Maxence Prosper,"Clemson, Marquette"
2025,Dallas Mavericks,Klay Thompson,Washington State
2025,Dallas Mavericks,P.J. Washington,Kentucky
2025,Dallas Mavericks,Brandon Williams,Arizona
2025,Denver Nuggets,Trey Alexander,Creighton
2025,Denver Nuggets,Christian Braun,Kansas
2025,Denver Nuggets,Vlatko Čančar,
2025,Denver Nuggets,Aaron Gordon,Arizona
2025,Denver Nuggets,PJ Hall,Clemson
2025,Denver Nuggets,Nikola Jokić,
2025,Denver Nuggets,Spencer Jones,Stanford
2025,Denver Nuggets,DeAndre Jordan,Texas A&M
2025,Denver Nuggets,Jamal Murray,Kentucky
2025,Denver Nuggets,Zeke Nnaji,Arizona
2025,Denver Nuggets,Jalen Pickett,"Siena College, Penn State"
2025,Denver Nuggets,Michael Porter Jr.,Missouri
2025,Denver Nuggets,Dario Šarić,
2025,Denver Nuggets,Julian Strawther,Gonzaga
2025,Denver Nuggets,Hunter Tyson,Clemson
2025,Denver Nuggets,Peyton Watson,UCLA
2025,Denver Nuggets,Russell Westbrook,UCLA
2025,Detroit Pistons,Malik Beasley,Florida State
2025,Detroit Pistons,Cade Cunningham,Oklahoma State
2025,Detroit Pistons,Jalen Duren,Memphis
2025,Detroit Pistons,Simone Fontecchio,
2025,Detroit Pistons,Tim Hardaway Jr.,Michigan
2025,Detroit Pistons,Ron Harper Jr.,Rutgers University
2025,Detroit Pistons,Tobias Harris,Tennessee
2025,Detroit Pistons,Ron Holland,
2025,Detroit Pistons,Jaden Ivey,Purdue
2025,Detroit Pistons,Daniss Jenkins,"University of the Pacific, Odessa College, Iona College, St. John's"
2025,Detroit Pistons,Bobi Klintman,Wake Forest
2025,Detroit Pistons,Wendell Moore Jr.,Duke
2025,Detroit Pistons,Paul Reed,DePaul
2025,Detroit Pistons,Marcus Sasser,Houston
2025,Detroit Pistons,Dennis Schröder,
2025,Detroit Pistons,Tolu Smith,"Western Kentucky, Mississippi State"
2025,Detroit Pistons,Isaiah Stewart,Washington
2025,Detroit Pistons,Cole Swider,"Villanova, Syracuse"
2025,Detroit Pistons,Ausar Thompson,
2025,Detroit Pistons,Lindy Waters III,Oklahoma State
2025,Detroit Pistons,Alondes Williams,"Triton College, Oklahoma, Wake Forest"
2025,Golden State Warriors,Kyle Anderson,UCLA
2025,Golden State Warriors,Reece Beekman,Virginia
2025,Golden State Warriors,Jimmy Butler,"Tyler Junior College, Marquette"
2025,Golden State Warriors,Yuri Collins,Saint Louis
2025,Golden State Warriors,Stephen Curry,Davidson
2025,Golden State Warriors,Draymond Green,Michigan State
2025,Golden State Warriors,Buddy Hield,Oklahoma
2025,Golden State Warriors,Trayce Jackson-Davis,Indiana
2025,Golden State Warriors,Braxton Key,"Alabama, Virginia"
2025,Golden State Warriors,Kevin Knox,Kentucky
2025,Golden State Warriors,Jonathan Kuminga,
2025,Golden State Warriors,Kevon Looney,UCLA
2025,Golden State Warriors,De'Anthony Melton,USC
2025,Golden State Warriors,Moses Moody,Arkansas
2025,Golden State Warriors,Gary Payton II,Oregon State
2025,Golden State Warriors,Brandin Podziemski,"Illinois, Santa Clara"
2025,Golden State Warriors,Quinten Post,"Mississippi State, Boston College"
2025,Golden State Warriors,Jackson Rowe,Cal State Fullerton
2025,Golden State Warriors,Gui Santos,
2025,Golden State Warriors,Dennis Schröder,
2025,Golden State Warriors,Pat Spencer,"Loyola (MD), Northwestern"
2025,Golden State Warriors,Lindy Waters III,Oklahoma State
2025,Golden State Warriors,Andrew Wiggins,Kansas
2025,Houston Rockets,Steven Adams,Pitt
2025,Houston Rockets,Dillon Brooks,Oregon
2025,Houston Rockets,N'Faly Dante,Oregon
2025,Houston Rockets,Tari Eason,"Cincinnati, LSU"
2025,Houston Rockets,Jalen Green,
2025,Houston Rockets,Jeff Green,Georgetown
2025,Houston Rockets,Aaron Holiday,UCLA
2025,Houston Rockets,Jock Landale,Saint Mary's
2025,Houston Rockets,Jack McVeigh,Nebraska
2025,Houston Rockets,David Roddy,Colorado State
2025,Houston Rockets,Alperen Şengün,
2025,Houston Rockets,Reed Sheppard,Kentucky
2025,Houston Rockets,Jabari Smith Jr.,Auburn
2025,Houston Rockets,Jae'Sean Tate,Ohio State
2025,Houston Rockets,Amen Thompson,
2025,Houston Rockets,Fred VanVleet,Wichita State
2025,Houston Rockets,Cam Whitmore,Villanova
2025,Houston Rockets,Nate Williams,Buffalo
2025,Indiana Pacers,Tony Bradley,UNC
2025,Indiana Pacers,Moses Brown,UCLA
2025,Indiana Pacers,Thomas Bryant,Indiana
2025,Indiana Pacers,RayJ Dennis,"Boise State, Toledo, Baylor"
2025,Indiana Pacers,Enrique Freeman,University of Akron
2025,Indiana Pacers,Johnny Furphy,Kansas
2025,Indiana Pacers,Tyrese Haliburton,Iowa State
2025,Indiana Pacers,Isaiah Jackson,Kentucky
2025,Indiana Pacers,Quenton Jackson,Texas A&M
2025,Indiana Pacers,James Johnson,Wake Forest
2025,Indiana Pacers,Bennedict Mathurin,Arizona
2025,Indiana Pacers,T.J. McConnell,"Duquesne, Arizona"
2025,Indiana Pacers,Andrew Nembhard,"Florida, Gonzaga"
2025,Indiana Pacers,Aaron Nesmith,Vanderbilt
2025,Indiana Pacers,Tristen Newton,"East Carolina University, UConn"
2025,Indiana Pacers,Jahlil Okafor,Duke
2025,Indiana Pacers,Ben Sheppard,Belmont
2025,Indiana Pacers,Pascal Siakam,New Mexico State
2025,Indiana Pacers,Obi Toppin,Dayton
2025,Indiana Pacers,Myles Turner,Texas
2025,Indiana Pacers,Jarace Walker,Houston
2025,Indiana Pacers,James Wiseman,Memphis
2025,Los Angeles Clippers,Patrick Baldwin Jr.,UW-Milwaukee
2025,Los Angeles Clippers,Mo Bamba,Texas
2025,Los Angeles Clippers,Nicolas Batum,
2025,Los Angeles Clippers,MarJon Beauchamp,Yakima Valley Community College
2025,Los Angeles Clippers,Bogdan Bogdanović,
2025,Los Angeles Clippers,Kobe Brown,Missouri
2025,Los Angeles Clippers,Cam Christie,Minnesota
2025,Los Angeles Clippers,Amir Coffey,Minnesota
2025,Los Angeles Clippers,Kris Dunn,Providence
2025,Los Angeles Clippers,Drew Eubanks,Oregon State
2025,Los Angeles Clippers,Trentyn Flowers,
2025,Los Angeles Clippers,James Harden,Arizona State
2025,Los Angeles Clippers,Bones Hyland,VCU
2025,Los Angeles Clippers,Derrick Jones Jr.,UNLV
2025,Los Angeles Clippers,Kai Jones,Texas
2025,Los Angeles Clippers,Kawhi Leonard,San Diego State
2025,Los Angeles Clippers,Terance Mann,Florida State
2025,Los Angeles Clippers,Jordan Miller,"George Mason, Miami (FL)"
2025,Los Angeles Clippers,Patty Mills,Saint Mary's
2025,Los Angeles Clippers,Kevin Porter Jr.,USC
2025,Los Angeles Clippers,Norman Powell,UCLA
2025,Los Angeles Clippers,Ben Simmons,LSU
2025,Los Angeles Clippers,Ivica Zubac,
2025,Los Angeles Lakers,Max Christie,Michigan State
2025,Los Angeles Lakers,Anthony Davis,Kentucky
2025,Los Angeles Lakers,Luka Dončić,
2025,Los Angeles Lakers,Dorian Finney-Smith,Florida
2025,Los Angeles Lakers,Jordan Goodwin,Saint Louis
2025,Los Angeles Lakers,Rui Hachimura,Gonzaga
2025,Los Angeles Lakers,Jaxson Hayes,Texas
2025,Los Angeles Lakers,Jalen Hood-Schifino,Indiana
2025,Los Angeles Lakers,Bronny James,USC
2025,Los Angeles Lakers,LeBron James,
2025,Los Angeles Lakers,Trey Jemison,"Clemson, UAB"
2025,Los Angeles Lakers,Maxi Kleber,
2025,Los Angeles Lakers,Dalton Knecht,"Northeastern Junior College, University of Northern Colorado, Tennessee"
2025,Los Angeles Lakers,Christian Koloko,Arizona
2025,Los Angeles Lakers,Alex Len,Maryland
2025,Los Angeles Lakers,Maxwell Lewis,Pepperdine
2025,Los Angeles Lakers,Shake Milton,SMU
2025,Los Angeles Lakers,Markieff Morris,Kansas
2025,Los Angeles Lakers,Quincy Olivari,"Rice University, Xavier"
2025,Los Angeles Lakers,Austin Reaves,"Wichita State, Oklahoma"
2025,Los Angeles Lakers,Cam Reddish,Duke
2025,Los Angeles Lakers,D'Angelo Russell,Ohio State
2025,Los Angeles Lakers,Armel Traoré,
2025,Los Angeles Lakers,Jarred Vanderbilt,Kentucky
2025,Los Angeles Lakers,Gabe Vincent,UC Santa Barbara
2025,Memphis Grizzlies,Santi Aldama,Loyola (MD)
2025,Memphis Grizzlies,Marvin Bagley III,Duke
2025,Memphis Grizzlies,Desmond Bane,TCU
2025,Memphis Grizzlies,Colin Castleton,"Michigan, Florida"
2025,Memphis Grizzlies,Brandon Clarke,"San Jose State, Gonzaga"
2025,Memphis Grizzlies,Zach Edey,Purdue
2025,Memphis Grizzlies,Jay Huff,Virginia
2025,Memphis Grizzlies,GG Jackson II,South Carolina
2025,Memphis Grizzlies,Jaren Jackson Jr.,Michigan State
2025,Memphis Grizzlies,Yuki Kawamura,
2025,Memphis Grizzlies,Luke Kennard,Duke
2025,Memphis Grizzlies,John Konchar,Purdue-Fort Wayne
2025,Memphis Grizzlies,Jake LaRavia,"Indiana State University, Wake Forest"
2025,Memphis Grizzlies,Ja Morant,Murray State
2025,Memphis Grizzlies,Scotty Pippen Jr.,Vanderbilt
2025,Memphis Grizzlies,Zyon Pullin,"University of California, Riverside, Florida"
2025,Memphis Grizzlies,Marcus Smart,Oklahoma State
2025,Memphis Grizzlies,Cam Spencer,"Loyola (MD), Rutgers University, UConn"
2025,Memphis Grizzlies,Lamar Stevens,Penn State
2025,Memphis Grizzlies,Jaylen Wells,"Sonoma State University, Washington State"
2025,Memphis Grizzlies,Vince Williams Jr.,VCU
2025,Miami Heat,Bam Adebayo,Kentucky
2025,Miami Heat,Kyle Anderson,UCLA
2025,Miami Heat,Thomas Bryant,Indiana
2025,Miami Heat,Alec Burks,Colorado
2025,Miami Heat,Jimmy Butler,"Tyler Junior College, Marquette"
2025,Miami Heat,Josh Christopher,Arizona State
2025,Miami Heat,Tyler Herro,Kentucky
2025,Miami Heat,Haywood Highsmith,Wheeling University
2025,Miami Heat,Jaime Jaquez Jr.,UCLA
2025,Miami Heat,Keshad Johnson,"San Diego State, Arizona"
2025,Miami Heat,Nikola Jović,
2025,Miami Heat,Pelle Larsson,"Utah, Arizona"
2025,Miami Heat,Kevin Love,UCLA
2025,Miami Heat,Davion Mitchell,"Auburn, Baylor"
2025,Miami Heat,Josh Richardson,Tennessee
2025,Miami Heat,Duncan Robinson,"Williams, Michigan"
2025,Miami Heat,Terry Rozier,Louisville
2025,Miami Heat,Dru Smith,"University of Evansville, Missouri"
2025,Miami Heat,Isaiah Stevens,Colorado State
2025,Miami Heat,Kel'el Ware,"Oregon, Indiana"
2025,Miami Heat,Andrew Wiggins,Kansas
2025,Milwaukee Bucks,Giannis Antetokounmpo,
2025,Milwaukee Bucks,MarJon Beauchamp,Yakima Valley Community College
2025,Milwaukee Bucks,Jamaree Bouyea,San Francisco
2025,Milwaukee Bucks,Pat Connaughton,Notre Dame
2025,Milwaukee Bucks,A.J. Green,University of Northern Iowa
2025,Milwaukee Bucks,Andre Jackson Jr.,UConn
2025,Milwaukee Bucks,AJ Johnson,
2025,Milwaukee Bucks,Kyle Kuzma,Utah
2025,Milwaukee Bucks,Damian Lillard,Weber State
2025,Milwaukee Bucks,Chris Livingston,Kentucky
2025,Milwaukee Bucks,Brook Lopez,Stanford
2025,Milwaukee Bucks,Khris Middleton,Texas A&M
2025,Milwaukee Bucks,Pete Nance,"Northwestern, UNC"
2025,Milwaukee Bucks,Kevin Porter Jr.,USC
2025,Milwaukee Bucks,Bobby Portis,Arkansas
2025,Milwaukee Bucks,Taurean Prince,Baylor
2025,Milwaukee Bucks,Liam Robbins,"Drake University, Minnesota, Vanderbilt"
2025,Milwaukee Bucks,Ryan Rollins,Toledo
2025,Milwaukee Bucks,Jericho Sims,Texas
2025,Milwaukee Bucks,Tyler Smith,
2025,Milwaukee Bucks,Gary Trent Jr.,Duke
2025,Milwaukee Bucks,Stanley Umude,"South Dakota, Arkansas"
2025,Milwaukee Bucks,Delon Wright,Utah
2025,Minnesota Timberwolves,Nickeil Alexander-Walker,Virginia Tech
2025,Minnesota Timberwolves,Jaylen Clark,UCLA
2025,Minnesota Timberwolves,Mike Conley,Ohio State
2025,Minnesota Timberwolves,Rob Dillingham,Kentucky
2025,Minnesota Timberwolves,Donte DiVincenzo,Villanova
2025,Minnesota Timberwolves,PJ Dozier,South Carolina
2025,Minnesota Timberwolves,Anthony Edwards,Georgia
2025,Minnesota Timberwolves,Jesse Edwards,"West Virginia, Syracuse"
2025,Minnesota Timberwolves,Luka Garza,Iowa
2025,Minnesota Timberwolves,Rudy Gobert,
2025,Minnesota Timberwolves,Bones Hyland,VCU
2025,Minnesota Timberwolves,Joe Ingles,
2025,Minnesota Timberwolves,Jaden McDaniels,Washington
2025,Minnesota Timberwolves,Leonard Miller,
2025,Minnesota Timberwolves,Josh Minott,Memphis
2025,Minnesota Timberwolves,Tristen Newton,"East Carolina University, UConn"
2025,Minnesota Timberwolves,Daishen Nix,
2025,Minnesota Timberwolves,Julius Randle,Kentucky
2025,Minnesota Timberwolves,Naz Reid,LSU
2025,Minnesota Timberwolves,Terrence Shannon Jr.,"Texas Tech, Illinois"
2025,New Orleans Pelicans,Jose Alvarado,Georgia Tech
2025,New Orleans Pelicans,Mo Bamba,Texas
2025,New Orleans Pelicans,Brandon Boston Jr.,Kentucky
2025,New Orleans Pelicans,Keion Brooks Jr.,"Kentucky, Washington"
2025,New Orleans Pelicans,Bruce Brown,Miami (FL)
2025,New Orleans Pelicans,Jamal Cain,"Marquette, Oakland"
2025,New Orleans Pelicans,Javonte Green,Radford
2025,New Orleans Pelicans,Jordan Hawkins,UConn
2025,New Orleans Pelicans,Brandon Ingram,Duke
2025,New Orleans Pelicans,Trey Jemison,"Clemson, UAB"
2025,New Orleans Pelicans,Herbert Jones,Alabama
2025,New Orleans Pelicans,Kylor Kelley,Oregon State
2025,New Orleans Pelicans,Karlo Matković,
2025,New Orleans Pelicans,CJ McCollum,Lehigh
2025,New Orleans Pelicans,Yves Missi,Baylor
2025,New Orleans Pelicans,Trey Murphy III,"Rice University, Virginia"
2025,New Orleans Pelicans,Dejounte Murray,Washington
2025,New Orleans Pelicans,Jaylen Nowell,Washington
2025,New Orleans Pelicans,Kelly Olynyk,Gonzaga
2025,New Orleans Pelicans,Elfrid Payton,Louisiana
2025,New Orleans Pelicans,Lester Quiñones,Memphis
2025,New Orleans Pelicans,Antonio Reeves,"Illinois State, Kentucky"
2025,New Orleans Pelicans,Jeremiah Robinson-Earl,Villanova
2025,New Orleans Pelicans,Daniel Theis,
2025,New Orleans Pelicans,Zion Williamson,Duke
2025,New York Knicks,Precious Achiuwa,Memphis
2025,New York Knicks,OG Anunoby,Indiana
2025,New York Knicks,MarJon Beauchamp,Yakima Valley Community College
2025,New York Knicks,Mikal Bridges,Villanova
2025,New York Knicks,Jalen Brunson,Villanova
2025,New York Knicks,Pacôme Dadiet,
2025,New York Knicks,Josh Hart,Villanova
2025,New York Knicks,Ariel Hukporti,
2025,New York Knicks,Tyler Kolek,"George Mason, Marquette"
2025,New York Knicks,Miles McBride,West Virginia
2025,New York Knicks,Kevin McCullar Jr.,"Texas Tech, Kansas"
2025,New York Knicks,Cameron Payne,Murray State
2025,New York Knicks,Mitchell Robinson,Western Kentucky
2025,New York Knicks,Matt Ryan,"Notre Dame, Vanderbilt, Chattanooga"
2025,New York Knicks,Landry Shamet,Wichita State
2025,New York Knicks,Jericho Sims,Texas
2025,New York Knicks,Jacob Toppin,"Rhode Island, Kentucky"
2025,New York Knicks,Karl-Anthony Towns,Kentucky
2025,New York Knicks,P.J. Tucker,Texas
2025,New York Knicks,Anton Watson,Gonzaga
2025,New York Knicks,Delon Wright,Utah
2025,Oklahoma City Thunder,Branden Carlson,Utah
2025,Oklahoma City Thunder,Alex Caruso,Texas A&M
2025,Oklahoma City Thunder,Ousmane Dieng,
2025,Oklahoma City Thunder,Luguentz Dort,Arizona State
2025,Oklahoma City Thunder,Alex Ducas,Saint Mary's
2025,Oklahoma City Thunder,Adam Flagler,"Presbyterian College, Baylor"
2025,Oklahoma City Thunder,Shai Gilgeous-Alexander,Kentucky
2025,Oklahoma City Thunder,Isaiah Hartenstein,
2025,Oklahoma City Thunder,Chet Holmgren,Gonzaga
2025,Oklahoma City Thunder,Isaiah Joe,Arkansas
2025,Oklahoma City Thunder,Dillon Jones,Weber State
2025,Oklahoma City Thunder,Malevy Leons,"Mineral Area College, Bradley"
2025,Oklahoma City Thunder,Ajay Mitchell,UC Santa Barbara
2025,Oklahoma City Thunder,Alex Reese,Alabama
2025,Oklahoma City Thunder,Cason Wallace,Kentucky
2025,Oklahoma City Thunder,Aaron Wiggins,Maryland
2025,Oklahoma City Thunder,Jalen Williams,Santa Clara
2025,Oklahoma City Thunder,Jaylin Williams,Arkansas
2025,Oklahoma City Thunder,Kenrich Williams,TCU
2025,Orlando Magic,Cole Anthony,UNC
2025,Orlando Magic,Paolo Banchero,Duke
2025,Orlando Magic,Goga Bitadze,
2025,Orlando Magic,Anthony Black,Arkansas
2025,Orlando Magic,Kentavious Caldwell-Pope,Georgia
2025,Orlando Magic,Wendell Carter Jr.,Duke
2025,Orlando Magic,Tristan Da Silva,Colorado
2025,Orlando Magic,Gary Harris,Michigan State
2025,Orlando Magic,Caleb Houstan,Michigan
2025,Orlando Magic,Jett Howard,Michigan
2025,Orlando Magic,Jonathan Isaac,Florida State
2025,Orlando Magic,Cory Joseph,Texas
2025,Orlando Magic,Mac McClung,"Georgetown, Texas Tech"
2025,Orlando Magic,Trevelin Queen,"College of Marin, New Mexico Military Institute, New Mexico State"
2025,Orlando Magic,Jalen Suggs,Gonzaga
2025,Orlando Magic,Franz Wagner,Michigan
2025,Orlando Magic,Moritz Wagner,Michigan
2025,Philadelphia 76ers,Marcus Bagley,Arizona State
2025,Philadelphia 76ers,Adem Bona,UCLA
2025,Philadelphia 76ers,Oshae Brissett,Syracuse
2025,Philadelphia 76ers,Jared Butler,Baylor
2025,Philadelphia 76ers,Colin Castleton,"Michigan, Florida"
2025,Philadelphia 76ers,Ricky Council IV,"Wichita State, Arkansas"
2025,Philadelphia 76ers,Jeff Dowtin Jr.,Rhode Island
2025,Philadelphia 76ers,Andre Drummond,UConn
2025,Philadelphia 76ers,Justin Edwards,Kentucky
2025,Philadelphia 76ers,Joel Embiid,Kansas
2025,Philadelphia 76ers,Paul George,Fresno State
2025,Philadelphia 76ers,Eric Gordon,Indiana
2025,Philadelphia 76ers,Quentin Grimes,"Kansas, Houston"
2025,Philadelphia 76ers,Jalen Hood-Schifino,Indiana
2025,Philadelphia 76ers,Reggie Jackson,Boston College
2025,Philadelphia 76ers,Kyle Lowry,Villanova
2025,Philadelphia 76ers,Caleb Martin,"NC State, Nevada"
2025,Philadelphia 76ers,KJ Martin,
2025,Philadelphia 76ers,Tyrese Maxey,Kentucky
2025,Philadelphia 76ers,Jared McCain,Duke
2025,Philadelphia 76ers,Isaiah Mobley,USC
2025,Philadelphia 76ers,Pete Nance,"Northwestern, UNC"
2025,Philadelphia 76ers,Chuma Okeke,Auburn
2025,Philadelphia 76ers,Kelly Oubre Jr.,Kansas
2025,Philadelphia 76ers,Lester Quiñones,Memphis
2025,Philadelphia 76ers,Alex Reese,Alabama
2025,Philadelphia 76ers,David Roddy,Colorado State
2025,Philadelphia 76ers,Lonnie Walker IV,Miami (FL)
2025,Philadelphia 76ers,Phillip Wheeler,
2025,Philadelphia 76ers,Guerschon Yabusele,
2025,Phoenix Suns,Grayson Allen,Duke
2025,Phoenix Suns,Bradley Beal,Florida
2025,Phoenix Suns,Bol Bol,Oregon
2025,Phoenix Suns,Devin Booker,Kentucky
2025,Phoenix Suns,Jalen Bridges,"West Virginia, Baylor"
2025,Phoenix Suns,Ryan Dunn,Virginia
2025,Phoenix Suns,Kevin Durant,Texas
2025,Phoenix Suns,Collin Gillespie,Villanova
2025,Phoenix Suns,Oso Ighodaro,Marquette
2025,Phoenix Suns,Tyus Jones,Duke
2025,Phoenix Suns,Damion Lee,"Drexel, Louisville"
2025,Phoenix Suns,Cody Martin,"NC State, Nevada"
2025,Phoenix Suns,Vasilije Micić,
2025,Phoenix Suns,Monte Morris,Iowa State
2025,Phoenix Suns,Jusuf Nurkić,
2025,Phoenix Suns,Royce O'Neale,"Denver, Baylor"
2025,Phoenix Suns,Josh Okogie,Georgia Tech
2025,Phoenix Suns,Mason Plumlee,Duke
2025,Phoenix Suns,Nick Richards,Kentucky
2025,Phoenix Suns,TyTy Washington Jr.,Kentucky
2025,Portland Trail Blazers,Deni Avdija,
2025,Portland Trail Blazers,Deandre Ayton,Arizona
2025,Portland Trail Blazers,Dalano Banton,Nebraska
2025,Portland Trail Blazers,Toumani Camara,"Georgia, Dayton"
2025,Portland Trail Blazers,Sidy Cissoko,
2025,Portland Trail Blazers,Donovan Clingan,UConn
2025,Portland Trail Blazers,Jerami Grant,Syracuse
2025,Portland Trail Blazers,Scoot Henderson,
2025,Portland Trail Blazers,Bryce McGowens,Nebraska
2025,Portland Trail Blazers,Justin Minaya,"South Carolina, Providence"
2025,Portland Trail Blazers,Taze Moore,"Cal State-Bakersfield, Houston"
2025,Portland Trail Blazers,Kris Murray,Iowa
2025,Portland Trail Blazers,Duop Reath,"Lee College, LSU"
2025,Portland Trail Blazers,Rayan Rupert,
2025,Portland Trail Blazers,Shaedon Sharpe,Kentucky
2025,Portland Trail Blazers,Anfernee Simons,
2025,Portland Trail Blazers,Matisse Thybulle,Washington
2025,Portland Trail Blazers,Jabari Walker,Colorado
2025,Portland Trail Blazers,Robert Williams,Texas A&M
2025,Sacramento Kings,Devin Carter,"South Carolina, Providence"
2025,Sacramento Kings,Isaiah Crawford,Louisiana Tech
2025,Sacramento Kings,Jae Crowder,Marquette
2025,Sacramento Kings,Terence Davis,Ole Miss
2025,Sacramento Kings,DeMar DeRozan,USC
2025,Sacramento Kings,Keon Ellis,"Florida SouthWestern State College, Alabama"
2025,Sacramento Kings,De'Aaron Fox,Kentucky
2025,Sacramento Kings,Markelle Fultz,Washington
2025,Sacramento Kings,Kevin Huerter,Maryland
2025,Sacramento Kings,Colby Jones,Xavier
2025,Sacramento Kings,Isaac Jones,"Wenatchee Valley College, Idaho, Washington State"
2025,Sacramento Kings,Mason Jones,"Connors State College, Arkansas"
2025,Sacramento Kings,Skal Labissière,Kentucky
2025,Sacramento Kings,Jake LaRavia,"Indiana State University, Wake Forest"
2025,Sacramento Kings,Zach LaVine,UCLA
2025,Sacramento Kings,Alex Len,Maryland
2025,Sacramento Kings,Trey Lyles,Kentucky
2025,Sacramento Kings,Doug McDermott,Creighton
2025,Sacramento Kings,Jordan McLaughlin,USC
2025,Sacramento Kings,Malik Monk,Kentucky
2025,Sacramento Kings,Keegan Murray,Iowa
2025,Sacramento Kings,Orlando Robinson,Fresno State
2025,Sacramento Kings,Domantas Sabonis,Gonzaga
2025,Sacramento Kings,Terry Taylor,Austin Peay State University
2025,Sacramento Kings,Jonas Valančiūnas,
2025,San Antonio Spurs,Harrison Barnes,UNC
2025,San Antonio Spurs,Charles Bassey,Western Kentucky
2025,San Antonio Spurs,Bismack Biyombo,
2025,San Antonio Spurs,Malaki Branham,Ohio State
2025,San Antonio Spurs,Stephon Castle,UConn
2025,San Antonio Spurs,Julian Champagnie,St. John's
2025,San Antonio Spurs,Sidy Cissoko,
2025,San Antonio Spurs,Zach Collins,Gonzaga
2025,San Antonio Spurs,David Duke Jr.,Providence
2025,San Antonio Spurs,De'Aaron Fox,Kentucky
2025,San Antonio Spurs,Harrison Ingram,"Stanford, UNC"
2025,San Antonio Spurs,Keldon Johnson,Kentucky
2025,San Antonio Spurs,Tre Jones,Duke
2025,San Antonio Spurs,Sandro Mamukelashvili,Seton Hall
2025,San Antonio Spurs,Jordan McLaughlin,USC
2025,San Antonio Spurs,Riley Minix,"Southeastern University, Morehead State University"
2025,San Antonio Spurs,Chris Paul,Wake Forest
2025,San Antonio Spurs,Jeremy Sochan,Baylor
2025,San Antonio Spurs,Devin Vassell,Florida State
2025,San Antonio Spurs,Victor Wembanyama,
2025,San Antonio Spurs,Blake Wesley,Notre Dame
2025,Toronto Raptors,Ochai Agbaji,Kansas
2025,Toronto Raptors,Scottie Barnes,Florida State
2025,Toronto Raptors,RJ Barrett,Duke
2025,Toronto Raptors,Jamison Battle,"George Washington, Minnesota, Ohio State"
2025,Toronto Raptors,Chris Boucher,"New Mexico Junior College, Northwest College, Oregon"
2025,Toronto Raptors,Bruce Brown,Miami (FL)
2025,Toronto Raptors,D.J. Carton,"Ohio State, Marquette"
2025,Toronto Raptors,Colin Castleton,"Michigan, Florida"
2025,Toronto Raptors,Ulrich Chomche,
2025,Toronto Raptors,Gradey Dick,Kansas
2025,Toronto Raptors,Bruno Fernando,Maryland
2025,Toronto Raptors,A.J. Lawson,South Carolina
2025,Toronto Raptors,Davion Mitchell,"Auburn, Baylor"
2025,Toronto Raptors,Jonathan Mogbo,"Missouri State, San Francisco"
2025,Toronto Raptors,Kelly Olynyk,Gonzaga
2025,Toronto Raptors,Jakob Poeltl,Utah
2025,Toronto Raptors,Immanuel Quickley,Kentucky
2025,Toronto Raptors,Jared Rhoden,Seton Hall
2025,Toronto Raptors,Orlando Robinson,Fresno State
2025,Toronto Raptors,Jamal Shead,Houston
2025,Toronto Raptors,Cole Swider,"Villanova, Syracuse"
2025,Toronto Raptors,Garrett Temple,LSU
2025,Toronto Raptors,Ja'Kobe Walter,Baylor
2025,Utah Jazz,Jordan Clarkson,"Tulsa, Missouri"
2025,Utah Jazz,Isaiah Collier,USC
2025,Utah Jazz,John Collins,Wake Forest
2025,Utah Jazz,Drew Eubanks,Oregon State
2025,Utah Jazz,Kyle Filipowski,Duke
2025,Utah Jazz,Keyonte George,Baylor
2025,Utah Jazz,Elijah Harkless,"Cal State Northridge, Oklahoma, UNLV"
2025,Utah Jazz,Taylor Hendricks,Central Florida
2025,Utah Jazz,Johnny Juzang,"Kentucky, UCLA"
2025,Utah Jazz,Walker Kessler,"UNC, Auburn"
2025,Utah Jazz,Lauri Markkanen,Arizona
2025,Utah Jazz,KJ Martin,
2025,Utah Jazz,Patty Mills,Saint Mary's
2025,Utah Jazz,Svi Mykhailiuk,Kansas
2025,Utah Jazz,Micah Potter,"Ohio State, Wisconsin"
2025,Utah Jazz,Brice Sensabaugh,Ohio State
2025,Utah Jazz,Collin Sexton,Alabama
2025,Utah Jazz,Jaden Springer,Tennessee
2025,Utah Jazz,Oscar Tshiebwe,"West Virginia, Kentucky"
2025,Utah Jazz,Cody Williams,Colorado
2025,Washington Wizards,Marvin Bagley III,Duke
2025,Washington Wizards,Patrick Baldwin Jr.,UW-Milwaukee
2025,Washington Wizards,Malcolm Brogdon,Virginia
2025,Washington Wizards,Jared Butler,Baylor
2025,Washington Wizards,Bub Carrington,Pitt
2025,Washington Wizards,Justin Champagnie,Pitt
2025,Washington Wizards,Bilal Coulibaly,
2025,Washington Wizards,Johnny Davis,Wisconsin
2025,Washington Wizards,Kyshawn George,Miami (FL)
2025,Washington Wizards,Anthony Gill,"South Carolina, Virginia"
2025,Washington Wizards,Richaun Holmes,Bowling Green
2025,Washington Wizards,AJ Johnson,
2025,Washington Wizards,Colby Jones,Xavier
2025,Washington Wizards,Corey Kispert,Gonzaga
2025,Washington Wizards,Kyle Kuzma,Utah
2025,Washington Wizards,Jaylen Martin,
2025,Washington Wizards,Jalen McDaniels,San Diego State
2025,Washington Wizards,Khris Middleton,Texas A&M
2025,Washington Wizards,Jordan Poole,Michigan
2025,Washington Wizards,Alex Sarr,
2025,Washington Wizards,Marcus Smart,Oklahoma State
2025,Washington Wizards,JT Thor,Auburn
2025,Washington Wizards,Jonas Valančiūnas,
2025,Washington Wizards,Tristan Vukcevic,
2025,Charlotte Hornets,LaMelo Ball,
2025,Charlotte Hornets,Damion Baugh,"Memphis, TCU"
2025,Charlotte Hornets,Miles Bridges,Michigan State
2025,Charlotte Hornets,Seth Curry,"Liberty, Duke"
2025,Charlotte Hornets,Moussa Diabaté,Michigan
2025,Charlotte Hornets,Malachi Flynn,"Washington State, San Diego State"
2025,Charlotte Hornets,Marcus Garrett,Kansas
2025,Charlotte Hornets,Taj Gibson,USC
2025,Charlotte Hornets,Josh Green,Arizona
2025,Charlotte Hornets,DaQuan Jeffries,"Oral Roberts, Tulsa"
2025,Charlotte Hornets,Tre Mann,Florida
2025,Charlotte Hornets,Cody Martin,"NC State, Nevada"
2025,Charlotte Hornets,Vasilije Micić,
2025,Charlotte Hornets,Brandon Miller,Alabama
2025,Charlotte Hornets,Wendell Moore Jr.,Duke
2025,Charlotte Hornets,Jusuf Nurkić,
2025,Charlotte Hornets,Josh Okogie,Georgia Tech
2025,Charlotte Hornets,Elfrid Payton,Louisiana
2025,Charlotte Hornets,Jared Rhoden,Seton Hall
2025,Charlotte Hornets,Nick Richards,Kentucky
2025,Charlotte Hornets,Tidjane Salaün,
2025,Charlotte Hornets,KJ Simpson,Colorado
2025,Charlotte Hornets,Jaylen Sims,UNC Wilmington
2025,Charlotte Hornets,Nick Smith Jr.,Arkansas
2025,Charlotte Hornets,Grant Williams,Tennessee
2025,Charlotte Hornets,Mark Williams,Duke
2025,Charlotte Hornets,Isaiah Wong,Miami (FL)
2026,Atlanta Hawks,Nickeil Alexander-Walker,Virginia Tech
2026,Atlanta Hawks,Mouhamed Gueye,Washington State
2026,Atlanta Hawks,Dyson Daniels,
2026,Atlanta Hawks,Onyeka Okongwu,USC
2026,Atlanta Hawks,Jalen Johnson,Duke
2026,Atlanta Hawks,Zaccharie Risacher,
2026,Atlanta Hawks,Keaton Wallace,Texas-San Antonio
2026,Atlanta Hawks,Asa Newell,Georgia
2026,Atlanta Hawks,CJ McCollum,Lehigh
2026,Atlanta Hawks,Corey Kispert,Gonzaga
2026,Atlanta Hawks,Gabe Vincent,UC Santa Barbara
2026,Atlanta Hawks,Jock Landale,Saint Mary's
2026,Atlanta Hawks,Jonathan Kuminga,
2026,Atlanta Hawks,Christian Koloko (TW),Arizona
2026,Atlanta Hawks,Buddy Hield,Oklahoma
2026,Atlanta Hawks,Tony Bradley,UNC
2026,Atlanta Hawks,RayJ Dennis (TW),"Boise State, Toledo, Baylor"
2026,Atlanta Hawks,Keshon Gilbert (TW),"UNLV, Iowa State"
2026,Boston Celtics,Payton Pritchard,Oregon
2026,Boston Celtics,Sam Hauser,"Marquette, Virginia"
2026,Boston Celtics,Derrick White,"Colorado-Colorado Springs, Colorado"
2026,Boston Celtics,Baylor Scheierman,"South Dakota State, Creighton"
2026,Boston Celtics,Neemias Queta,Utah State University
2026,Boston Celtics,Hugo González,
2026,Boston Celtics,Jaylen Brown,California
2026,Boston Celtics,Luka Garza,Iowa
2026,Boston Celtics,Jordan Walsh,Arkansas
2026,Boston Celtics,Ron Harper Jr.,Rutgers University
2026,Boston Celtics,Amari Williams,"Drexel, Kentucky"
2026,Boston Celtics,Jayson Tatum,Duke
2026,Boston Celtics,Nikola Vučević,USC
2026,Boston Celtics,Max Shulga,"Utah State University, VCU"
2026,Boston Celtics,John Tonje (TW),"Colorado State, Missouri, Wisconsin"
2026,Boston Celtics,Dalano Banton,Nebraska
2026,Brooklyn Nets,Nic Claxton,Georgia
2026,Brooklyn Nets,Noah Clowney,Alabama
2026,Brooklyn Nets,Terance Mann,Florida State
2026,Brooklyn Nets,Drake Powell,UNC
2026,Brooklyn Nets,Day'Ron Sharpe,UNC
2026,Brooklyn Nets,Danny Wolf,"Yale, Michigan"
2026,Brooklyn Nets,Ziaire Williams,Stanford
2026,Brooklyn Nets,Nolan Traoré,
2026,Brooklyn Nets,Jalen Wilson,Kansas
2026,Brooklyn Nets,Michael Porter Jr.,Missouri
2026,Brooklyn Nets,Egor Dёmin,BYU
2026,Brooklyn Nets,Ben Saraf,
2026,Brooklyn Nets,E.J. Liddell (TW),Ohio State
2026,Brooklyn Nets,Tyson Etienne (TW),Wichita State
2026,Brooklyn Nets,Ochai Agbaji,Kansas
2026,Brooklyn Nets,Chaney Johnson (TW),Auburn
2026,Brooklyn Nets,Josh Minott,Memphis
2026,Brooklyn Nets,Malachi Smith,"Wright State University, Chattanooga, Gonzaga"
2026,Chicago Bulls,Matas Buzelis,
2026,Chicago Bulls,Patrick Williams,Florida State
2026,Chicago Bulls,Tre Jones,Duke
2026,Chicago Bulls,Isaac Okoro,Auburn
2026,Chicago Bulls,Josh Giddey,
2026,Chicago Bulls,Jalen Smith,Maryland
2026,Chicago Bulls,Lachlan Olbrich (TW),"University of California, Riverside"
2026,Chicago Bulls,Rob Dillingham,Kentucky
2026,Chicago Bulls,Leonard Miller,
2026,Chicago Bulls,Collin Sexton,Alabama
2026,Chicago Bulls,Guerschon Yabusele,
2026,Chicago Bulls,Nick Richards,Kentucky
2026,Chicago Bulls,Yuki Kawamura (TW),
2026,Chicago Bulls,Zach Collins,Gonzaga
2026,Chicago Bulls,Mac McClung (TW),"Georgetown, Texas Tech"
2026,Chicago Bulls,Anfernee Simons,
2026,Chicago Bulls,Mouhamadou Gueye,"Monroe Community College, Stony Brook University, Pitt"
2026,Chicago Bulls,Noa Essengue,
2026,Cleveland Cavaliers,Donovan Mitchell,Louisville
2026,Cleveland Cavaliers,Jaylon Tyson,"Texas, Texas Tech, California"
2026,Cleveland Cavaliers,Evan Mobley,USC
2026,Cleveland Cavaliers,Nae'Qwan Tomlin,"Monroe Community College, Chipola College, Kansas State, Memphis"
2026,Cleveland Cavaliers,Craig Porter Jr.,"Vincennes University, Wichita State"
2026,Cleveland Cavaliers,Thomas Bryant,Indiana
2026,Cleveland Cavaliers,Dean Wade,Kansas State
2026,Cleveland Cavaliers,Jarrett Allen,Texas
2026,Cleveland Cavaliers,Sam Merrill,Utah State University
2026,Cleveland Cavaliers,Tyrese Proctor,Duke
2026,Cleveland Cavaliers,Larry Nance Jr.,Wyoming
2026,Cleveland Cavaliers,Dennis Schröder,
2026,Cleveland Cavaliers,Keon Ellis,"Florida SouthWestern State College, Alabama"
2026,Cleveland Cavaliers,James Harden,Arizona State
2026,Cleveland Cavaliers,Max Strus,"Lewis (IL), DePaul"
2026,Cleveland Cavaliers,Tristan Enaruna (TW),"Kansas, Iowa State, Cleveland State University"
2026,Cleveland Cavaliers,Riley Minix (TW),"Southeastern University, Morehead State University"
2026,Cleveland Cavaliers,Olivier Sarr (TW),"Wake Forest, Kentucky"
2026,Dallas Mavericks,Max Christie,Michigan State
2026,Dallas Mavericks,Naji Marshall,Xavier
2026,Dallas Mavericks,Cooper Flagg,Duke
2026,Dallas Mavericks,Klay Thompson,Washington State
2026,Dallas Mavericks,Brandon Williams,Arizona
2026,Dallas Mavericks,Dwight Powell,Stanford
2026,Dallas Mavericks,Ryan Nembhard,"Creighton, Gonzaga"
2026,Dallas Mavericks,Caleb Martin,"NC State, Nevada"
2026,Dallas Mavericks,P.J. Washington,Kentucky
2026,Dallas Mavericks,Daniel Gafford,Arkansas
2026,Dallas Mavericks,Moussa Cisse (TW),"Oklahoma State, Ole Miss, Memphis"
2026,Dallas Mavericks,Khris Middleton,Texas A&M
2026,Dallas Mavericks,AJ Johnson,
2026,Dallas Mavericks,Marvin Bagley III,Duke
2026,Dallas Mavericks,John Poulakidas (TW),Yale
2026,Dallas Mavericks,Tyler Smith (TW),
2026,Dallas Mavericks,Dereck Lively II,Duke
2026,Dallas Mavericks,Kyrie Irving,Duke
2026,Denver Nuggets,Bruce Brown,Miami (FL)
2026,Denver Nuggets,Tim Hardaway Jr.,Michigan
2026,Denver Nuggets,Jamal Murray,Kentucky
2026,Denver Nuggets,Nikola Jokić,
2026,Denver Nuggets,Jonas Valančiūnas,
2026,Denver Nuggets,Spencer Jones,Stanford
2026,Denver Nuggets,Julian Strawther,Gonzaga
2026,Denver Nuggets,Peyton Watson,UCLA
2026,Denver Nuggets,Cameron Johnson,"Pitt, UNC"
2026,Denver Nuggets,Zeke Nnaji,Arizona
2026,Denver Nuggets,Jalen Pickett,"Siena College, Penn State"
2026,Denver Nuggets,Christian Braun,Kansas
2026,Denver Nuggets,Aaron Gordon,Arizona
2026,Denver Nuggets,DaRon Holmes,Dayton
2026,Denver Nuggets,Tyus Jones,Duke
2026,Denver Nuggets,Curtis Jones (TW),"Indian Hills Community College, Buffalo, Iowa State"
2026,Denver Nuggets,KJ Simpson (TW),Colorado
2026,Denver Nuggets,David Roddy (TW),Colorado State
2026,Detroit Pistons,Javonte Green,Radford
2026,Detroit Pistons,Ron Holland,
2026,Detroit Pistons,Duncan Robinson,"Williams, Michigan"
2026,Detroit Pistons,Ausar Thompson,
2026,Detroit Pistons,Daniss Jenkins,"University of the Pacific, Odessa College, Iona College, St. John's"
2026,Detroit Pistons,Jalen Duren,Memphis
2026,Detroit Pistons,Paul Reed,DePaul
2026,Detroit Pistons,Cade Cunningham,Oklahoma State
2026,Detroit Pistons,Tobias Harris,Tennessee
2026,Detroit Pistons,Caris LeVert,Michigan
2026,Detroit Pistons,Isaiah Stewart,Washington
2026,Detroit Pistons,Marcus Sasser,Houston
2026,Detroit Pistons,Chaz Lanier,"University of North Florida, Tennessee"
2026,Detroit Pistons,Kevin Huerter,Maryland
2026,Detroit Pistons,Tolu Smith,"Western Kentucky, Mississippi State"
2026,Detroit Pistons,Wendell Moore Jr. (TW),Duke
2026,Detroit Pistons,Isaac Jones (TW),"Wenatchee Valley College, Idaho, Washington State"
2026,Golden State Warriors,Brandin Podziemski,"Illinois, Santa Clara"
2026,Golden State Warriors,Gary Payton II,Oregon State
2026,Golden State Warriors,Will Richard,"Belmont, Florida"
2026,Golden State Warriors,Gui Santos,
2026,Golden State Warriors,Draymond Green,Michigan State
2026,Golden State Warriors,Quinten Post,"Mississippi State, Boston College"
2026,Golden State Warriors,Pat Spencer,"Loyola (MD), Northwestern"
2026,Golden State Warriors,Moses Moody,Arkansas
2026,Golden State Warriors,De'Anthony Melton,USC
2026,Golden State Warriors,Al Horford,Florida
2026,Golden State Warriors,Stephen Curry,Davidson
2026,Golden State Warriors,Jimmy Butler,"Tyler Junior College, Marquette"
2026,Golden State Warriors,Malevy Leons (TW),"Mineral Area College, Bradley"
2026,Golden State Warriors,LJ Cryer (TW),"Baylor, Houston"
2026,Golden State Warriors,Kristaps Porziņģis,
2026,Golden State Warriors,Nate Williams (TW),Buffalo
2026,Golden State Warriors,Seth Curry,"Liberty, Duke"
2026,Golden State Warriors,Charles Bassey,Western Kentucky
2026,Houston Rockets,Reed Sheppard,Kentucky
2026,Houston Rockets,Amen Thompson,
2026,Houston Rockets,Kevin Durant,Texas
2026,Houston Rockets,Josh Okogie,Georgia Tech
2026,Houston Rockets,Jabari Smith Jr.,Auburn
2026,Houston Rockets,Clint Capela,
2026,Houston Rockets,Alperen Şengün,
2026,Houston Rockets,Tari Eason,"Cincinnati, LSU"
2026,Houston Rockets,Aaron Holiday,UCLA
2026,Houston Rockets,Jae'Sean Tate,Ohio State
2026,Houston Rockets,Dorian Finney-Smith,Florida
2026,Houston Rockets,Steven Adams,Pitt
2026,Houston Rockets,Jeff Green,Georgetown
2026,Houston Rockets,JD Davison,Alabama
2026,Houston Rockets,Isaiah Crawford (TW),Louisiana Tech
2026,Houston Rockets,Tristen Newton (TW),"East Carolina University, UConn"
2026,Houston Rockets,Fred VanVleet,Wichita State
2026,Indiana Pacers,Jay Huff,Virginia
2026,Indiana Pacers,Jarace Walker,Houston
2026,Indiana Pacers,Ben Sheppard,Belmont
2026,Indiana Pacers,Pascal Siakam,New Mexico State
2026,Indiana Pacers,Andrew Nembhard,"Florida, Gonzaga"
2026,Indiana Pacers,T.J. McConnell,"Duquesne, Arizona"
2026,Indiana Pacers,Quenton Jackson,Texas A&M
2026,Indiana Pacers,Micah Potter,"Ohio State, Wisconsin"
2026,Indiana Pacers,Aaron Nesmith,Vanderbilt
2026,Indiana Pacers,Taelon Peter (TW),"Tennessee Technological University, Arkansas Tech University, Liberty"
2026,Indiana Pacers,Kam Jones,Marquette
2026,Indiana Pacers,Johnny Furphy,Kansas
2026,Indiana Pacers,Ethan Thompson (TW),Oregon State
2026,Indiana Pacers,Kobe Brown,Missouri
2026,Indiana Pacers,Obi Toppin,Dayton
2026,Indiana Pacers,Jalen Slawson (TW),Furman University
2026,Indiana Pacers,Ivica Zubac,
2026,Indiana Pacers,Tyrese Haliburton,Iowa State
2026,Los Angeles Clippers,Kris Dunn,Providence
2026,Los Angeles Clippers,Brook Lopez,Stanford
2026,Los Angeles Clippers,Nicolas Batum,
2026,Los Angeles Clippers,John Collins,Wake Forest
2026,Los Angeles Clippers,Kobe Sanders,"Cal Poly, Nevada"
2026,Los Angeles Clippers,Kawhi Leonard,San Diego State
2026,Los Angeles Clippers,Jordan Miller,"George Mason, Miami (FL)"
2026,Los Angeles Clippers,Cam Christie,Minnesota
2026,Los Angeles Clippers,Derrick Jones Jr.,UNLV
2026,Los Angeles Clippers,Yanic Konan Niederhäuser,"Northern Illinois, Penn State"
2026,Los Angeles Clippers,Bennedict Mathurin,Arizona
2026,Los Angeles Clippers,Bogdan Bogdanović,
2026,Los Angeles Clippers,Darius Garland,Vanderbilt
2026,Los Angeles Clippers,Isaiah Jackson,Kentucky
2026,Los Angeles Clippers,TyTy Washington Jr. (TW),Kentucky
2026,Los Angeles Clippers,Sean Pedulla (TW),"Virginia Tech, Ole Miss"
2026,Los Angeles Clippers,Bradley Beal,Florida
2026,Los Angeles Clippers,Norchad Omier (TW),"Arkansas State University, Miami (FL), Baylor"
2026,Los Angeles Lakers,Jake LaRavia,"Indiana State University, Wake Forest"
2026,Los Angeles Lakers,Deandre Ayton,Arizona
2026,Los Angeles Lakers,Rui Hachimura,Gonzaga
2026,Los Angeles Lakers,Jaxson Hayes,Texas
2026,Los Angeles Lakers,Jarred Vanderbilt,Kentucky
2026,Los Angeles Lakers,Luka Dončić,
2026,Los Angeles Lakers,Marcus Smart,Oklahoma State
2026,Los Angeles Lakers,LeBron James,
2026,Los Angeles Lakers,Dalton Knecht,"Northeastern Junior College, University of Northern Colorado, Tennessee"
2026,Los Angeles Lakers,Austin Reaves,"Wichita State, Oklahoma"
2026,Los Angeles Lakers,Maxi Kleber,
2026,Los Angeles Lakers,Bronny James,USC
2026,Los Angeles Lakers,Luke Kennard,Duke
2026,Los Angeles Lakers,Nick Smith Jr.,Arkansas
2026,Los Angeles Lakers,Drew Timme (TW),Gonzaga
2026,Los Angeles Lakers,Adou Thiero,"Kentucky, Arkansas"
2026,Los Angeles Lakers,Chris Mañon (TW),"Cornell, Vanderbilt"
2026,Memphis Grizzlies,Cam Spencer,"Loyola (MD), Rutgers University, UConn"
2026,Memphis Grizzlies,Jaylen Wells,"Sonoma State University, Washington State"
2026,Memphis Grizzlies,Cedric Coward,"Willamette University, Eastern Washington, Washington State"
2026,Memphis Grizzlies,GG Jackson II,South Carolina
2026,Memphis Grizzlies,Olivier-Maxence Prosper,"Clemson, Marquette"
2026,Memphis Grizzlies,Kentavious Caldwell-Pope,Georgia
2026,Memphis Grizzlies,Santi Aldama,Loyola (MD)
2026,Memphis Grizzlies,Javon Small (TW),"East Carolina University, Oklahoma State, West Virginia"
2026,Memphis Grizzlies,Jahmai Mashack (TW),Tennessee
2026,Memphis Grizzlies,Taylor Hendricks,Central Florida
2026,Memphis Grizzlies,Walter Clayton,"Iona College, Florida"
2026,Memphis Grizzlies,Ja Morant,Murray State
2026,Memphis Grizzlies,Rayan Rupert (TW),
2026,Memphis Grizzlies,Ty Jerome,Virginia
2026,Memphis Grizzlies,Zach Edey,Purdue
2026,Memphis Grizzlies,Scotty Pippen Jr.,Vanderbilt
2026,Memphis Grizzlies,Taj Gibson,USC
2026,Memphis Grizzlies,Brandon Clarke,"San Jose State, Gonzaga"
2026,Miami Heat,Kel'el Ware,"Oregon, Indiana"
2026,Miami Heat,Jaime Jaquez Jr.,UCLA
2026,Miami Heat,Bam Adebayo,Kentucky
2026,Miami Heat,Pelle Larsson,"Utah, Arizona"
2026,Miami Heat,Davion Mitchell,"Auburn, Baylor"
2026,Miami Heat,Simone Fontecchio,
2026,Miami Heat,Dru Smith,"University of Evansville, Missouri"
2026,Miami Heat,Andrew Wiggins,Kansas
2026,Miami Heat,Norman Powell,UCLA
2026,Miami Heat,Kasparas Jakučionis,Illinois
2026,Miami Heat,Nikola Jović,
2026,Miami Heat,Myron Gardner,"South Plains College, Georgetown, Little Rock"
2026,Miami Heat,Tyler Herro,Kentucky
2026,Miami Heat,Keshad Johnson,"San Diego State, Arizona"
2026,Miami Heat,Jahmir Young,"UNC Charlotte, Maryland"
2026,Miami Heat,Vladislav Goldin (TW),"Texas Tech, Florida Atlantic University, Michigan"
2026,Miami Heat,Trevor Keels (TW),Duke
2026,Milwaukee Bucks,A.J. Green,University of Northern Iowa
2026,Milwaukee Bucks,Ryan Rollins,Toledo
2026,Milwaukee Bucks,Myles Turner,Texas
2026,Milwaukee Bucks,Kyle Kuzma,Utah
2026,Milwaukee Bucks,Bobby Portis,Arkansas
2026,Milwaukee Bucks,Jericho Sims,Texas
2026,Milwaukee Bucks,Gary Trent Jr.,Duke
2026,Milwaukee Bucks,Gary Harris,Michigan State
2026,Milwaukee Bucks,Andre Jackson Jr.,UConn
2026,Milwaukee Bucks,Pete Nance,"Northwestern, UNC"
2026,Milwaukee Bucks,Kevin Porter Jr.,USC
2026,Milwaukee Bucks,Giannis Antetokounmpo,
2026,Milwaukee Bucks,Thanasis Antetokounmpo,
2026,Milwaukee Bucks,Ousmane Dieng,
2026,Milwaukee Bucks,Taurean Prince,Baylor
2026,Milwaukee Bucks,Cormac Ryan (TW),"Stanford, Notre Dame, UNC"
2026,Milwaukee Bucks,Alex Antetokounmpo (TW),
2026,Minnesota Timberwolves,Donte DiVincenzo,Villanova
2026,Minnesota Timberwolves,Julius Randle,Kentucky
2026,Minnesota Timberwolves,Naz Reid,LSU
2026,Minnesota Timberwolves,Rudy Gobert,
2026,Minnesota Timberwolves,Jaden McDaniels,Washington
2026,Minnesota Timberwolves,Bones Hyland,VCU
2026,Minnesota Timberwolves,Jaylen Clark,UCLA
2026,Minnesota Timberwolves,Anthony Edwards,Georgia
2026,Minnesota Timberwolves,Mike Conley,Ohio State
2026,Minnesota Timberwolves,Terrence Shannon Jr.,"Texas Tech, Illinois"
2026,Minnesota Timberwolves,Joan Beringer,
2026,Minnesota Timberwolves,Joe Ingles,
2026,Minnesota Timberwolves,Ayo Dosunmu,Illinois
2026,Minnesota Timberwolves,Kyle Anderson,UCLA
2026,Minnesota Timberwolves,Julian Phillips,Tennessee
2026,Minnesota Timberwolves,Zyon Pullin (TW),"University of California, Riverside, Florida"
2026,Minnesota Timberwolves,Rocco Zikarsky (TW),
2026,Minnesota Timberwolves,Enrique Freeman (TW),University of Akron
2026,New Orleans Pelicans,Jeremiah Fears,Oklahoma
2026,New Orleans Pelicans,Derik Queen,Maryland
2026,New Orleans Pelicans,Saddiq Bey,Villanova
2026,New Orleans Pelicans,Trey Murphy III,"Rice University, Virginia"
2026,New Orleans Pelicans,Yves Missi,Baylor
2026,New Orleans Pelicans,Zion Williamson,Duke
2026,New Orleans Pelicans,Karlo Matković,
2026,New Orleans Pelicans,Micah Peavy,"Texas Tech, TCU, Georgetown"
2026,New Orleans Pelicans,Herbert Jones,Alabama
2026,New Orleans Pelicans,Jordan Hawkins,UConn
2026,New Orleans Pelicans,Bryce McGowens,Nebraska
2026,New Orleans Pelicans,Jordan Poole,Michigan
2026,New Orleans Pelicans,Kevon Looney,UCLA
2026,New Orleans Pelicans,Dejounte Murray,Washington
2026,New Orleans Pelicans,DeAndre Jordan,Texas A&M
2026,New Orleans Pelicans,Trey Alexander (TW),Creighton
2026,New Orleans Pelicans,Hunter Dickinson (TW),"Michigan, Kansas"
2026,New Orleans Pelicans,Josh Oduro (TW),"George Mason, Providence"
2026,New York Knicks,Mikal Bridges,Villanova
2026,New York Knicks,Karl-Anthony Towns,Kentucky
2026,New York Knicks,Jalen Brunson,Villanova
2026,New York Knicks,Jordan Clarkson,"Tulsa, Missouri"
2026,New York Knicks,Mohamed Diawara,
2026,New York Knicks,OG Anunoby,Indiana
2026,New York Knicks,Josh Hart,Villanova
2026,New York Knicks,Tyler Kolek,"George Mason, Marquette"
2026,New York Knicks,Mitchell Robinson,Western Kentucky
2026,New York Knicks,Ariel Hukporti,
2026,New York Knicks,Landry Shamet,Wichita State
2026,New York Knicks,Miles McBride,West Virginia
2026,New York Knicks,Pacôme Dadiet,
2026,New York Knicks,Jose Alvarado,Georgia Tech
2026,New York Knicks,Kevin McCullar Jr. (TW),"Texas Tech, Kansas"
2026,New York Knicks,Jeremy Sochan,Baylor
2026,New York Knicks,Trey Jemison (TW),"Clemson, UAB"
2026,New York Knicks,Dillon Jones (TW),Weber State
2026,Oklahoma City Thunder,Cason Wallace,Kentucky
2026,Oklahoma City Thunder,Isaiah Joe,Arkansas
2026,Oklahoma City Thunder,Chet Holmgren,Gonzaga
2026,Oklahoma City Thunder,Luguentz Dort,Arizona State
2026,Oklahoma City Thunder,Shai Gilgeous-Alexander,Kentucky
2026,Oklahoma City Thunder,Aaron Wiggins,Maryland
2026,Oklahoma City Thunder,Jaylin Williams,Arkansas
2026,Oklahoma City Thunder,Ajay Mitchell,UC Santa Barbara
2026,Oklahoma City Thunder,Kenrich Williams,TCU
2026,Oklahoma City Thunder,Alex Caruso,Texas A&M
2026,Oklahoma City Thunder,Isaiah Hartenstein,
2026,Oklahoma City Thunder,Branden Carlson (TW),Utah
2026,Oklahoma City Thunder,Brooks Barnhizer (TW),Northwestern
2026,Oklahoma City Thunder,Jalen Williams,Santa Clara
2026,Oklahoma City Thunder,Jared McCain,Duke
2026,Oklahoma City Thunder,Nikola Topić,
2026,Oklahoma City Thunder,Payton Sandfort (TW),Iowa
2026,Oklahoma City Thunder,Thomas Sorber,Georgetown
2026,Orlando Magic,Desmond Bane,TCU
2026,Orlando Magic,Wendell Carter Jr.,Duke
2026,Orlando Magic,Tristan Da Silva,Colorado
2026,Orlando Magic,Paolo Banchero,Duke
2026,Orlando Magic,Anthony Black,Arkansas
2026,Orlando Magic,Goga Bitadze,
2026,Orlando Magic,Noah Penda,
2026,Orlando Magic,Jalen Suggs,Gonzaga
2026,Orlando Magic,Jett Howard,Michigan
2026,Orlando Magic,Jase Richardson,Michigan State
2026,Orlando Magic,Jonathan Isaac,Florida State
2026,Orlando Magic,Jamal Cain,"Marquette, Oakland"
2026,Orlando Magic,Moritz Wagner,Michigan
2026,Orlando Magic,Franz Wagner,Michigan
2026,Orlando Magic,Jevon Carter,West Virginia
2026,Orlando Magic,Alex Morales (TW),"Prince George Community College, Wagner College"
2026,Orlando Magic,Colin Castleton (TW),"Michigan, Florida"
2026,Philadelphia 76ers,VJ Edgecombe,Baylor
2026,Philadelphia 76ers,Quentin Grimes,"Kansas, Houston"
2026,Philadelphia 76ers,Dominick Barlow,
2026,Philadelphia 76ers,Adem Bona,UCLA
2026,Philadelphia 76ers,Tyrese Maxey,Kentucky
2026,Philadelphia 76ers,Justin Edwards,Kentucky
2026,Philadelphia 76ers,Jabari Walker,Colorado
2026,Philadelphia 76ers,Andre Drummond,UConn
2026,Philadelphia 76ers,Trendon Watford,LSU
2026,Philadelphia 76ers,Kelly Oubre Jr.,Kansas
2026,Philadelphia 76ers,Joel Embiid,Kansas
2026,Philadelphia 76ers,Paul George,Fresno State
2026,Philadelphia 76ers,MarJon Beauchamp (TW),Yakima Valley Community College
2026,Philadelphia 76ers,Dalen Terry,Arizona
2026,Philadelphia 76ers,Kyle Lowry,Villanova
2026,Philadelphia 76ers,Johni Broome,"Morehead State University, Auburn"
2026,Philadelphia 76ers,Tyrese Martin (TW),"Rhode Island, UConn"
2026,Phoenix Suns,Oso Ighodaro,Marquette
2026,Phoenix Suns,Collin Gillespie,Villanova
2026,Phoenix Suns,Royce O'Neale,"Denver, Baylor"
2026,Phoenix Suns,Jordan Goodwin,Saint Louis
2026,Phoenix Suns,Ryan Dunn,Virginia
2026,Phoenix Suns,Devin Booker,Kentucky
2026,Phoenix Suns,Mark Williams,Duke
2026,Phoenix Suns,Dillon Brooks,Oregon
2026,Phoenix Suns,Rasheer Fleming,Saint Joseph's
2026,Phoenix Suns,Grayson Allen,Duke
2026,Phoenix Suns,Jamaree Bouyea,San Francisco
2026,Phoenix Suns,Khaman Maluach,Duke
2026,Phoenix Suns,Isaiah Livers (TW),Michigan
2026,Phoenix Suns,Jalen Green,
2026,Phoenix Suns,Amir Coffey,Minnesota
2026,Phoenix Suns,Koby Brea (TW),"Dayton, Kentucky"
2026,Phoenix Suns,Haywood Highsmith,Wheeling University
2026,Phoenix Suns,CJ Huntley (TW),Appalachian State University
2026,Portland Trail Blazers,Toumani Camara,"Georgia, Dayton"
2026,Portland Trail Blazers,Donovan Clingan,UConn
2026,Portland Trail Blazers,Sidy Cissoko,
2026,Portland Trail Blazers,Deni Avdija,
2026,Portland Trail Blazers,Robert Williams,Texas A&M
2026,Portland Trail Blazers,Jerami Grant,Syracuse
2026,Portland Trail Blazers,Kris Murray,Iowa
2026,Portland Trail Blazers,Jrue Holiday,UCLA
2026,Portland Trail Blazers,Shaedon Sharpe,Kentucky
2026,Portland Trail Blazers,Caleb Love (TW),"UNC, Arizona"
2026,Portland Trail Blazers,Yang Hansen,
2026,Portland Trail Blazers,Blake Wesley,Notre Dame
2026,Portland Trail Blazers,Scoot Henderson,
2026,Portland Trail Blazers,Matisse Thybulle,Washington
2026,Portland Trail Blazers,Vít Krejčí,
2026,Portland Trail Blazers,Jayson Kent (TW),"Bradley, Indiana State University, Texas"
2026,Portland Trail Blazers,Chris Youngblood (TW),"Kennesaw State University, South Florida, Alabama"
2026,Portland Trail Blazers,Damian Lillard,Weber State
2026,Sacramento Kings,DeMar DeRozan,USC
2026,Sacramento Kings,Nique Clifford,"Colorado, Colorado State"
2026,Sacramento Kings,Maxime Raynaud,Stanford
2026,Sacramento Kings,Precious Achiuwa,Memphis
2026,Sacramento Kings,Russell Westbrook,UCLA
2026,Sacramento Kings,Malik Monk,Kentucky
2026,Sacramento Kings,Dylan Cardwell (TW),Auburn
2026,Sacramento Kings,Drew Eubanks,Oregon State
2026,Sacramento Kings,Zach LaVine,UCLA
2026,Sacramento Kings,Devin Carter,"South Carolina, Providence"
2026,Sacramento Kings,Daeqwon Plowden (TW),Bowling Green
2026,Sacramento Kings,Doug McDermott,Creighton
2026,Sacramento Kings,Keegan Murray,Iowa
2026,Sacramento Kings,Killian Hayes,
2026,Sacramento Kings,Domantas Sabonis,Gonzaga
2026,Sacramento Kings,Patrick Baldwin Jr. (TW),UW-Milwaukee
2026,Sacramento Kings,Isaiah Stevens (TW),Colorado State
2026,Sacramento Kings,De'Andre Hunter,Virginia
2026,San Antonio Spurs,Keldon Johnson,Kentucky
2026,San Antonio Spurs,Julian Champagnie,St. John's
2026,San Antonio Spurs,Harrison Barnes,UNC
2026,San Antonio Spurs,De'Aaron Fox,Kentucky
2026,San Antonio Spurs,Carter Bryant,Arizona
2026,San Antonio Spurs,Dylan Harper,Rutgers University
2026,San Antonio Spurs,Stephon Castle,UConn
2026,San Antonio Spurs,Luke Kornet,Vanderbilt
2026,San Antonio Spurs,Devin Vassell,Florida State
2026,San Antonio Spurs,Victor Wembanyama,
2026,San Antonio Spurs,Jordan McLaughlin,USC
2026,San Antonio Spurs,Kelly Olynyk,Gonzaga
2026,San Antonio Spurs,Lindy Waters III,Oklahoma State
2026,San Antonio Spurs,Bismack Biyombo,
2026,San Antonio Spurs,David Jones García (TW),"DePaul, St. John's, Memphis"
2026,San Antonio Spurs,Harrison Ingram (TW),"Stanford, UNC"
2026,San Antonio Spurs,Mason Plumlee,Duke
2026,San Antonio Spurs,Emanuel Miller (TW),"Texas A&M, TCU"
2026,Toronto Raptors,Jamal Shead,Houston
2026,Toronto Raptors,Scottie Barnes,Florida State
2026,Toronto Raptors,Sandro Mamukelashvili,Seton Hall
2026,Toronto Raptors,Brandon Ingram,Duke
2026,Toronto Raptors,Gradey Dick,Kansas
2026,Toronto Raptors,Ja'Kobe Walter,Baylor
2026,Toronto Raptors,Immanuel Quickley,Kentucky
2026,Toronto Raptors,Jamison Battle,"George Washington, Minnesota, Ohio State"
2026,Toronto Raptors,RJ Barrett,Duke
2026,Toronto Raptors,Collin Murray-Boyles,South Carolina
2026,Toronto Raptors,Jakob Poeltl,Utah
2026,Toronto Raptors,Jonathan Mogbo,"Missouri State, San Francisco"
2026,Toronto Raptors,A.J. Lawson,South Carolina
2026,Toronto Raptors,Alijah Martin (TW),"Florida Atlantic University, Florida"
2026,Toronto Raptors,Garrett Temple,LSU
2026,Toronto Raptors,Trayce Jackson-Davis,Indiana
2026,Toronto Raptors,Chucky Hepburn (TW),"Wisconsin, Louisville"
2026,Utah Jazz,Kyle Filipowski,Duke
2026,Utah Jazz,Brice Sensabaugh,Ohio State
2026,Utah Jazz,Ace Bailey,Rutgers University
2026,Utah Jazz,Cody Williams,Colorado
2026,Utah Jazz,Isaiah Collier,USC
2026,Utah Jazz,Keyonte George,Baylor
2026,Utah Jazz,Svi Mykhailiuk,Kansas
2026,Utah Jazz,Lauri Markkanen,Arizona
2026,Utah Jazz,Jusuf Nurkić,
2026,Utah Jazz,Kevin Love,UCLA
2026,Utah Jazz,Oscar Tshiebwe (TW),"West Virginia, Kentucky"
2026,Utah Jazz,Elijah Harkless (TW),"Cal State Northridge, Oklahoma, UNLV"
2026,Utah Jazz,John Konchar,Purdue-Fort Wayne
2026,Utah Jazz,Bez Mbeng,Yale
2026,Utah Jazz,Blake Hinson (TW),"Ole Miss, Iowa State, Pitt"
2026,Utah Jazz,Walker Kessler,"UNC, Auburn"
2026,Utah Jazz,Jaren Jackson Jr.,Michigan State
2026,Utah Jazz,Hayden Gray,UC San Diego
2026,Washington Wizards,Bub Carrington,Pitt
2026,Washington Wizards,Will Riley,Illinois
2026,Washington Wizards,Justin Champagnie,Pitt
2026,Washington Wizards,Tre Johnson,Texas
2026,Washington Wizards,Bilal Coulibaly,
2026,Washington Wizards,Anthony Gill,"South Carolina, Virginia"
2026,Washington Wizards,Jamir Watkins,"VCU, Florida State"
2026,Washington Wizards,Tristan Vukcevic,
2026,Washington Wizards,Alex Sarr,
2026,Washington Wizards,Kyshawn George,Miami (FL)
2026,Washington Wizards,Sharife Cooper (TW),Auburn
2026,Washington Wizards,Jaden Hardy,
2026,Washington Wizards,Cam Whitmore,Villanova
2026,Washington Wizards,Leaky Black (TW),UNC
2026,Washington Wizards,Julian Reese (TW),Maryland
2026,Washington Wizards,Trae Young,Oklahoma
2026,Washington Wizards,D'Angelo Russell,Ohio State
2026,Washington Wizards,Anthony Davis,Kentucky
2026,Charlotte Hornets,Sion James,"Tulane, Duke"
2026,Charlotte Hornets,Kon Knueppel,Duke
2026,Charlotte Hornets,Miles Bridges,Michigan State
2026,Charlotte Hornets,Moussa Diabaté,Michigan
2026,Charlotte Hornets,LaMelo Ball,
2026,Charlotte Hornets,Ryan Kalkbrenner,Creighton
2026,Charlotte Hornets,Brandon Miller,Alabama
2026,Charlotte Hornets,Josh Green,Arizona
2026,Charlotte Hornets,Tre Mann,Florida
2026,Charlotte Hornets,Pat Connaughton,Notre Dame
2026,Charlotte Hornets,Tidjane Salaün,
2026,Charlotte Hornets,Grant Williams,Tennessee
2026,Charlotte Hornets,Liam McNeeley,UConn
2026,Charlotte Hornets,Coby White,UNC
2026,Charlotte Hornets,Xavier Tillman Sr.,Michigan State
2026,Charlotte Hornets,PJ Hall (TW),Clemson
2026,Charlotte Hornets,Antonio Reeves (TW),"Illinois State, Kentucky"
2026,Charlotte Hornets,Tosan Evbuomwan (TW),Princeton
